vad_frames,osd_frames,vcn_frames,total_frames,has_speech,has_overlap,has_voice_change,conv_idx,start_time,vad_ratio,osd_ratio,vcn_ratio
2954,0,3,3000,True,False,True,0,0.0,0.9846666666666667,0.0,0.001
2962,90,9,3000,True,True,True,0,30.0,0.9873333333333333,0.03,0.003
2996,184,13,3000,True,True,True,0,60.0,0.9986666666666667,0.06133333333333333,0.004333333333333333
2988,94,10,3000,True,True,True,0,90.0,0.996,0.03133333333333333,0.0033333333333333335
2722,0,7,3000,True,False,True,1,0.0,0.9073333333333333,0.0,0.0023333333333333335
2918,0,5,3000,True,False,True,1,30.0,0.9726666666666667,0.0,0.0016666666666666668
2994,0,3,3000,True,False,True,1,60.0,0.998,0.0,0.001
2986,4,5,3000,True,True,True,1,90.0,0.9953333333333333,0.0013333333333333333,0.0016666666666666668
2922,4,7,3000,True,True,True,1,120.0,0.974,0.0013333333333333333,0.0023333333333333335
2932,186,12,3000,True,True,True,2,0.0,0.9773333333333334,0.062,0.004
2968,56,13,3000,True,True,True,2,30.0,0.9893333333333333,0.018666666666666668,0.004333333333333333
2922,130,21,3000,True,True,True,2,60.0,0.974,0.043333333333333335,0.007
2844,74,20,3000,True,True,True,2,90.0,0.948,0.024666666666666667,0.006666666666666667
2772,8,15,3000,True,True,True,2,120.0,0.924,0.0026666666666666666,0.005
2876,12,14,3000,True,True,True,2,150.0,0.9586666666666667,0.004,0.004666666666666667
2970,6,13,3000,True,True,True,2,180.0,0.99,0.002,0.004333333333333333
2934,2,9,3000,True,True,True,2,210.0,0.978,0.0006666666666666666,0.003
2934,0,5,3000,True,False,True,2,240.0,0.978,0.0,0.0016666666666666668
2852,0,6,3000,True,False,True,2,270.0,0.9506666666666667,0.0,0.002
2834,24,9,3000,True,True,True,2,300.0,0.9446666666666667,0.008,0.003
2900,50,11,3000,True,True,True,2,330.0,0.9666666666666667,0.016666666666666666,0.0036666666666666666
2934,26,8,3000,True,True,True,2,360.0,0.978,0.008666666666666666,0.0026666666666666666
2986,36,5,3000,True,True,True,2,390.0,0.9953333333333333,0.012,0.0016666666666666668
2924,36,6,3000,True,True,True,2,420.0,0.9746666666666667,0.012,0.002
2924,0,5,3000,True,False,True,2,450.0,0.9746666666666667,0.0,0.0016666666666666668
3000,18,4,3000,True,True,True,2,480.0,1.0,0.006,0.0013333333333333333
3000,68,8,3000,True,True,True,2,510.0,1.0,0.02266666666666667,0.0026666666666666666
2998,56,10,3000,True,True,True,2,540.0,0.9993333333333333,0.018666666666666668,0.0033333333333333335
2946,6,8,3000,True,True,True,2,570.0,0.982,0.002,0.0026666666666666666
2874,0,9,3000,True,False,True,2,600.0,0.958,0.0,0.003
2892,0,8,3000,True,False,True,2,630.0,0.964,0.0,0.0026666666666666666
2954,30,8,3000,True,True,True,2,660.0,0.9846666666666667,0.01,0.0026666666666666666
2712,0,5,3000,True,False,True,5,0.0,0.904,0.0,0.0016666666666666668
2980,0,4,3000,True,False,True,5,30.0,0.9933333333333333,0.0,0.0013333333333333333
2992,0,2,3000,True,False,True,5,60.0,0.9973333333333333,0.0,0.0006666666666666666
2870,104,8,3000,True,True,True,6,0.0,0.9566666666666667,0.034666666666666665,0.0026666666666666666
2722,104,11,3000,True,True,True,6,30.0,0.9073333333333333,0.034666666666666665,0.0036666666666666666
2842,0,5,3000,True,False,True,6,60.0,0.9473333333333334,0.0,0.0016666666666666668
2966,8,4,3000,True,True,True,6,90.0,0.9886666666666667,0.0026666666666666666,0.0013333333333333333
2920,8,7,3000,True,True,True,6,120.0,0.9733333333333334,0.0026666666666666666,0.0023333333333333335
2724,0,10,3000,True,False,True,6,150.0,0.908,0.0,0.0033333333333333335
2924,0,2,3000,True,False,True,7,0.0,0.9746666666666667,0.0,0.0006666666666666666
3000,0,1,3000,True,False,True,7,30.0,1.0,0.0,0.0003333333333333333
2916,32,7,3000,True,True,True,7,60.0,0.972,0.010666666666666666,0.0023333333333333335
2916,32,7,3000,True,True,True,7,90.0,0.972,0.010666666666666666,0.0023333333333333335
2992,0,2,3000,True,False,True,7,120.0,0.9973333333333333,0.0,0.0006666666666666666
2982,0,3,3000,True,False,True,7,150.0,0.994,0.0,0.001
2990,0,2,3000,True,False,True,7,180.0,0.9966666666666667,0.0,0.0006666666666666666
2966,6,4,3000,True,True,True,7,210.0,0.9886666666666667,0.002,0.0013333333333333333
2952,92,7,3000,True,True,True,7,240.0,0.984,0.030666666666666665,0.0023333333333333335
2708,32,8,3000,True,True,True,8,0.0,0.9026666666666666,0.010666666666666666,0.0026666666666666666
2620,76,17,3000,True,True,True,8,30.0,0.8733333333333333,0.025333333333333333,0.005666666666666667
2724,170,21,3000,True,True,True,8,60.0,0.908,0.056666666666666664,0.007
2718,654,24,3000,True,True,True,8,90.0,0.906,0.218,0.008
2896,578,19,3000,True,True,True,8,120.0,0.9653333333333334,0.19266666666666668,0.006333333333333333
2964,484,21,3000,True,True,True,8,150.0,0.988,0.16133333333333333,0.007
2930,574,26,3000,True,True,True,8,180.0,0.9766666666666667,0.19133333333333333,0.008666666666666666
2864,210,20,3000,True,True,True,8,210.0,0.9546666666666667,0.07,0.006666666666666667
2812,184,17,3000,True,True,True,8,240.0,0.9373333333333334,0.06133333333333333,0.005666666666666667
2832,0,6,3000,True,False,True,9,0.0,0.944,0.0,0.002
2864,0,5,3000,True,False,True,9,30.0,0.9546666666666667,0.0,0.0016666666666666668
2976,0,2,3000,True,False,True,9,60.0,0.992,0.0,0.0006666666666666666
2844,0,5,3000,True,False,True,9,90.0,0.948,0.0,0.0016666666666666668
2868,0,3,3000,True,False,True,9,120.0,0.956,0.0,0.001
2930,0,3,3000,True,False,True,9,150.0,0.9766666666666667,0.0,0.001
2910,0,4,3000,True,False,True,9,180.0,0.97,0.0,0.0013333333333333333
2900,0,3,3000,True,False,True,9,210.0,0.9666666666666667,0.0,0.001
2894,0,3,3000,True,False,True,9,240.0,0.9646666666666667,0.0,0.001
2906,0,3,3000,True,False,True,9,270.0,0.9686666666666667,0.0,0.001
2924,0,3,3000,True,False,True,9,300.0,0.9746666666666667,0.0,0.001
2958,0,3,3000,True,False,True,9,330.0,0.986,0.0,0.001
2776,42,12,3000,True,True,True,10,0.0,0.9253333333333333,0.014,0.004
2928,0,4,3000,True,False,True,10,30.0,0.976,0.0,0.0013333333333333333
2970,0,2,3000,True,False,True,10,60.0,0.99,0.0,0.0006666666666666666
2952,0,4,3000,True,False,True,10,90.0,0.984,0.0,0.0013333333333333333
2926,0,3,3000,True,False,True,11,0.0,0.9753333333333334,0.0,0.001
2648,0,4,3000,True,False,True,11,30.0,0.8826666666666667,0.0,0.0013333333333333333
2564,0,5,3000,True,False,True,11,60.0,0.8546666666666667,0.0,0.0016666666666666668
2772,0,6,3000,True,False,True,11,90.0,0.924,0.0,0.002
2776,2,10,3000,True,True,True,11,120.0,0.9253333333333333,0.0006666666666666666,0.0033333333333333335
2768,2,12,3000,True,True,True,11,150.0,0.9226666666666666,0.0006666666666666666,0.004
2836,74,10,3000,True,True,True,11,180.0,0.9453333333333334,0.024666666666666667,0.0033333333333333335
2678,74,9,3000,True,True,True,11,210.0,0.8926666666666667,0.024666666666666667,0.003
2874,0,4,3000,True,False,True,12,0.0,0.958,0.0,0.0013333333333333333
2940,0,5,3000,True,False,True,12,30.0,0.98,0.0,0.0016666666666666668
2984,54,10,3000,True,True,True,12,60.0,0.9946666666666667,0.018,0.0033333333333333335
3000,54,8,3000,True,True,True,12,90.0,1.0,0.018,0.0026666666666666666
2992,0,2,3000,True,False,True,12,120.0,0.9973333333333333,0.0,0.0006666666666666666
2992,6,4,3000,True,True,True,12,150.0,0.9973333333333333,0.002,0.0013333333333333333
3000,6,3,3000,True,True,True,12,180.0,1.0,0.002,0.001
2902,0,4,3000,True,False,True,12,210.0,0.9673333333333334,0.0,0.0013333333333333333
2732,4,9,3000,True,True,True,12,240.0,0.9106666666666666,0.0013333333333333333,0.003
2796,4,7,3000,True,True,True,12,270.0,0.932,0.0013333333333333333,0.0023333333333333335
2916,0,3,3000,True,False,True,12,300.0,0.972,0.0,0.001
2924,0,4,3000,True,False,True,12,330.0,0.9746666666666667,0.0,0.0013333333333333333
2974,0,3,3000,True,False,True,12,360.0,0.9913333333333333,0.0,0.001
3000,0,1,3000,True,False,True,12,390.0,1.0,0.0,0.0003333333333333333
3000,524,17,3000,True,True,True,12,420.0,1.0,0.17466666666666666,0.005666666666666667
2986,524,18,3000,True,True,True,12,450.0,0.9953333333333333,0.17466666666666666,0.006
2986,0,2,3000,True,False,True,12,480.0,0.9953333333333333,0.0,0.0006666666666666666
3000,0,2,3000,True,False,True,12,510.0,1.0,0.0,0.0006666666666666666
2970,102,8,3000,True,True,True,12,540.0,0.99,0.034,0.0026666666666666666
2960,102,8,3000,True,True,True,12,570.0,0.9866666666666667,0.034,0.0026666666666666666
2990,0,2,3000,True,False,True,12,600.0,0.9966666666666667,0.0,0.0006666666666666666
2970,0,2,3000,True,False,True,12,630.0,0.99,0.0,0.0006666666666666666
2966,22,5,3000,True,True,True,12,660.0,0.9886666666666667,0.007333333333333333,0.0016666666666666668
2996,86,8,3000,True,True,True,12,690.0,0.9986666666666667,0.028666666666666667,0.0026666666666666666
2994,212,12,3000,True,True,True,12,720.0,0.998,0.07066666666666667,0.004
2828,94,12,3000,True,True,True,13,0.0,0.9426666666666667,0.03133333333333333,0.004
2838,684,41,3000,True,True,True,13,30.0,0.946,0.228,0.013666666666666667
2800,996,52,3000,True,True,True,13,60.0,0.9333333333333333,0.332,0.017333333333333333
2876,406,20,3000,True,True,True,13,90.0,0.9586666666666667,0.13533333333333333,0.006666666666666667
2772,0,6,3000,True,False,True,13,120.0,0.924,0.0,0.002
2614,0,11,3000,True,False,True,13,150.0,0.8713333333333333,0.0,0.0036666666666666666
2746,0,8,3000,True,False,True,13,180.0,0.9153333333333333,0.0,0.0026666666666666666
2744,0,8,3000,True,False,True,13,210.0,0.9146666666666666,0.0,0.0026666666666666666
2688,0,10,3000,True,False,True,13,240.0,0.896,0.0,0.0033333333333333335
2744,0,8,3000,True,False,True,13,270.0,0.9146666666666666,0.0,0.0026666666666666666
2772,0,7,3000,True,False,True,13,300.0,0.924,0.0,0.0023333333333333335
2722,0,9,3000,True,False,True,13,330.0,0.9073333333333333,0.0,0.003
2698,0,8,3000,True,False,True,13,360.0,0.8993333333333333,0.0,0.0026666666666666666
2714,0,9,3000,True,False,True,13,390.0,0.9046666666666666,0.0,0.003
2768,0,8,3000,True,False,True,13,420.0,0.9226666666666666,0.0,0.0026666666666666666
2562,0,4,3000,True,False,True,14,0.0,0.854,0.0,0.0013333333333333333
2786,0,5,3000,True,False,True,14,30.0,0.9286666666666666,0.0,0.0016666666666666668
2856,0,4,3000,True,False,True,14,60.0,0.952,0.0,0.0013333333333333333
2922,0,5,3000,True,False,True,14,90.0,0.974,0.0,0.0016666666666666668
2762,0,8,3000,True,False,True,14,120.0,0.9206666666666666,0.0,0.0026666666666666666
2710,0,7,3000,True,False,True,14,150.0,0.9033333333333333,0.0,0.0023333333333333335
2662,0,6,3000,True,False,True,14,180.0,0.8873333333333333,0.0,0.002
2682,60,12,3000,True,True,True,14,210.0,0.894,0.02,0.004
2850,60,11,3000,True,True,True,14,240.0,0.95,0.02,0.0036666666666666666
2712,0,8,3000,True,False,True,14,270.0,0.904,0.0,0.0026666666666666666
2622,0,9,3000,True,False,True,14,300.0,0.874,0.0,0.003
2728,0,8,3000,True,False,True,14,330.0,0.9093333333333333,0.0,0.0026666666666666666
2728,0,9,3000,True,False,True,14,360.0,0.9093333333333333,0.0,0.003
2852,32,10,3000,True,True,True,14,390.0,0.9506666666666667,0.010666666666666666,0.0033333333333333335
2996,184,14,3000,True,True,True,14,420.0,0.9986666666666667,0.06133333333333333,0.004666666666666667
2994,168,13,3000,True,True,True,14,450.0,0.998,0.056,0.004333333333333333
2994,80,12,3000,True,True,True,14,480.0,0.998,0.02666666666666667,0.004
2858,128,19,3000,True,True,True,14,510.0,0.9526666666666667,0.042666666666666665,0.006333333333333333
2698,64,13,3000,True,True,True,14,540.0,0.8993333333333333,0.021333333333333333,0.004333333333333333
2836,14,5,3000,True,True,True,14,570.0,0.9453333333333334,0.004666666666666667,0.0016666666666666668
3000,30,5,3000,True,True,True,14,600.0,1.0,0.01,0.0016666666666666668
2948,16,4,3000,True,True,True,14,630.0,0.9826666666666667,0.005333333333333333,0.0013333333333333333
2912,0,3,3000,True,False,True,14,660.0,0.9706666666666667,0.0,0.001
2934,40,6,3000,True,True,True,14,690.0,0.978,0.013333333333333334,0.002
2932,128,8,3000,True,True,True,14,720.0,0.9773333333333334,0.042666666666666665,0.0026666666666666666
2602,0,3,3000,True,False,True,15,0.0,0.8673333333333333,0.0,0.001
2756,0,8,3000,True,False,True,15,30.0,0.9186666666666666,0.0,0.0026666666666666666
2846,0,6,3000,True,False,True,15,60.0,0.9486666666666667,0.0,0.002
2996,0,2,3000,True,False,True,15,90.0,0.9986666666666667,0.0,0.0006666666666666666
2996,0,2,3000,True,False,True,15,120.0,0.9986666666666667,0.0,0.0006666666666666666
2960,0,3,3000,True,False,True,15,150.0,0.9866666666666667,0.0,0.001
2908,0,5,3000,True,False,True,15,180.0,0.9693333333333334,0.0,0.0016666666666666668
2948,0,3,3000,True,False,True,15,210.0,0.9826666666666667,0.0,0.001
3000,0,1,3000,True,False,True,15,240.0,1.0,0.0,0.0003333333333333333
2964,0,3,3000,True,False,True,15,270.0,0.988,0.0,0.001
2964,0,3,3000,True,False,True,15,300.0,0.988,0.0,0.001
3000,0,1,3000,True,False,True,15,330.0,1.0,0.0,0.0003333333333333333
2920,0,4,3000,True,False,True,15,360.0,0.9733333333333334,0.0,0.0013333333333333333
2816,306,17,3000,True,True,True,16,0.0,0.9386666666666666,0.102,0.005666666666666667
2800,302,21,3000,True,True,True,16,30.0,0.9333333333333333,0.10066666666666667,0.007
2758,152,15,3000,True,True,True,16,60.0,0.9193333333333333,0.050666666666666665,0.005
2916,82,5,3000,True,True,True,16,90.0,0.972,0.027333333333333334,0.0016666666666666668
2988,540,14,3000,True,True,True,16,120.0,0.996,0.18,0.004666666666666667
2978,1026,24,3000,True,True,True,16,150.0,0.9926666666666667,0.342,0.008
2976,568,15,3000,True,True,True,16,180.0,0.992,0.18933333333333333,0.005
2936,446,18,3000,True,True,True,16,210.0,0.9786666666666667,0.14866666666666667,0.006
2948,554,19,3000,True,True,True,16,240.0,0.9826666666666667,0.18466666666666667,0.006333333333333333
2976,608,22,3000,True,True,True,16,270.0,0.992,0.20266666666666666,0.007333333333333333
2858,2,5,3000,True,True,True,17,0.0,0.9526666666666667,0.0006666666666666666,0.0016666666666666668
2656,0,5,3000,True,False,True,18,0.0,0.8853333333333333,0.0,0.0016666666666666668
2866,96,12,3000,True,True,True,18,30.0,0.9553333333333334,0.032,0.004
2974,96,10,3000,True,True,True,18,60.0,0.9913333333333333,0.032,0.0033333333333333335
2998,0,2,3000,True,False,True,18,90.0,0.9993333333333333,0.0,0.0006666666666666666
2930,0,6,3000,True,False,True,18,120.0,0.9766666666666667,0.0,0.002
2880,0,6,3000,True,False,True,18,150.0,0.96,0.0,0.002
2700,18,11,3000,True,True,True,18,180.0,0.9,0.006,0.0036666666666666666
2752,18,10,3000,True,True,True,18,210.0,0.9173333333333333,0.006,0.0033333333333333335
3000,150,7,3000,True,True,True,18,240.0,1.0,0.05,0.0023333333333333335
3000,166,9,3000,True,True,True,18,270.0,1.0,0.05533333333333333,0.003
2932,16,6,3000,True,True,True,18,300.0,0.9773333333333334,0.005333333333333333,0.002
2962,0,3,3000,True,False,True,19,0.0,0.9873333333333333,0.0,0.001
3000,546,17,3000,True,True,True,19,30.0,1.0,0.182,0.005666666666666667
3000,1190,33,3000,True,True,True,19,60.0,1.0,0.39666666666666667,0.011
3000,1558,33,3000,True,True,True,19,90.0,1.0,0.5193333333333333,0.011
2960,46,6,3000,True,True,True,20,0.0,0.9866666666666667,0.015333333333333332,0.002
3000,358,18,3000,True,True,True,20,30.0,1.0,0.11933333333333333,0.006
2998,1002,45,3000,True,True,True,20,60.0,0.9993333333333333,0.334,0.015
2546,38,12,3000,True,True,True,21,0.0,0.8486666666666667,0.012666666666666666,0.004
2514,0,10,3000,True,False,True,21,30.0,0.838,0.0,0.0033333333333333335
2712,252,18,3000,True,True,True,22,0.0,0.904,0.084,0.006
2826,370,21,3000,True,True,True,22,30.0,0.942,0.12333333333333334,0.007
2812,312,20,3000,True,True,True,22,60.0,0.9373333333333334,0.104,0.006666666666666667
2836,426,29,3000,True,True,True,22,90.0,0.9453333333333334,0.142,0.009666666666666667
2858,0,5,3000,True,False,True,23,0.0,0.9526666666666667,0.0,0.0016666666666666668
2914,0,7,3000,True,False,True,23,30.0,0.9713333333333334,0.0,0.0023333333333333335
2894,0,9,3000,True,False,True,23,60.0,0.9646666666666667,0.0,0.003
2910,0,9,3000,True,False,True,23,90.0,0.97,0.0,0.003
2918,0,11,3000,True,False,True,23,120.0,0.9726666666666667,0.0,0.0036666666666666666
2864,0,5,3000,True,False,True,24,0.0,0.9546666666666667,0.0,0.0016666666666666668
2364,0,10,3000,True,False,True,24,30.0,0.788,0.0,0.0033333333333333335
1340,0,9,3000,True,False,True,24,60.0,0.44666666666666666,0.0,0.003
1846,38,6,3000,True,True,True,24,90.0,0.6153333333333333,0.012666666666666666,0.002
2946,38,5,3000,True,True,True,24,120.0,0.982,0.012666666666666666,0.0016666666666666668
2918,0,3,3000,True,False,True,24,150.0,0.9726666666666667,0.0,0.001
2904,18,7,3000,True,True,True,24,180.0,0.968,0.006,0.0023333333333333335
2976,18,6,3000,True,True,True,24,210.0,0.992,0.006,0.002
2972,0,5,3000,True,False,True,24,240.0,0.9906666666666667,0.0,0.0016666666666666668
2982,0,4,3000,True,False,True,24,270.0,0.994,0.0,0.0013333333333333333
2966,0,2,3000,True,False,True,24,300.0,0.9886666666666667,0.0,0.0006666666666666666
2890,0,5,3000,True,False,True,24,330.0,0.9633333333333334,0.0,0.0016666666666666668
2924,38,6,3000,True,True,True,24,360.0,0.9746666666666667,0.012666666666666666,0.002
2944,38,6,3000,True,True,True,24,390.0,0.9813333333333333,0.012666666666666666,0.002
2888,0,6,3000,True,False,True,24,420.0,0.9626666666666667,0.0,0.002
2874,50,8,3000,True,True,True,24,450.0,0.958,0.016666666666666666,0.0026666666666666666
2908,50,7,3000,True,True,True,24,480.0,0.9693333333333334,0.016666666666666666,0.0023333333333333335
2974,0,3,3000,True,False,True,24,510.0,0.9913333333333333,0.0,0.001
2996,0,2,3000,True,False,True,24,540.0,0.9986666666666667,0.0,0.0006666666666666666
3000,114,10,3000,True,True,True,24,570.0,1.0,0.038,0.0033333333333333335
2942,256,24,3000,True,True,True,24,600.0,0.9806666666666667,0.08533333333333333,0.008
2942,152,17,3000,True,True,True,24,630.0,0.9806666666666667,0.050666666666666665,0.005666666666666667
2902,10,9,3000,True,True,True,24,660.0,0.9673333333333334,0.0033333333333333335,0.003
2838,0,9,3000,True,False,True,24,690.0,0.946,0.0,0.003
2920,82,11,3000,True,True,True,24,720.0,0.9733333333333334,0.027333333333333334,0.0036666666666666666
2984,82,9,3000,True,True,True,24,750.0,0.9946666666666667,0.027333333333333334,0.003
2962,6,6,3000,True,True,True,24,780.0,0.9873333333333333,0.002,0.002
2902,112,20,3000,True,True,True,24,810.0,0.9673333333333334,0.037333333333333336,0.006666666666666667
2940,106,15,3000,True,True,True,24,840.0,0.98,0.035333333333333335,0.005
3000,4,3,3000,True,True,True,24,870.0,1.0,0.0013333333333333333,0.001
2978,810,17,3000,True,True,True,25,0.0,0.9926666666666667,0.27,0.005666666666666667
2896,1066,27,3000,True,True,True,25,30.0,0.9653333333333334,0.35533333333333333,0.009
2902,256,13,3000,True,True,True,25,60.0,0.9673333333333334,0.08533333333333333,0.004333333333333333
2914,58,6,3000,True,True,True,25,90.0,0.9713333333333334,0.019333333333333334,0.002
2902,58,8,3000,True,True,True,25,120.0,0.9673333333333334,0.019333333333333334,0.0026666666666666666
2976,112,11,3000,True,True,True,25,150.0,0.992,0.037333333333333336,0.0036666666666666666
2864,0,8,3000,True,False,True,26,0.0,0.9546666666666667,0.0,0.0026666666666666666
2842,0,10,3000,True,False,True,26,30.0,0.9473333333333334,0.0,0.0033333333333333335
2892,0,9,3000,True,False,True,26,60.0,0.964,0.0,0.003
2994,0,5,3000,True,False,True,26,90.0,0.998,0.0,0.0016666666666666668
2618,0,7,3000,True,False,True,27,0.0,0.8726666666666667,0.0,0.0023333333333333335
2678,0,5,3000,True,False,True,27,30.0,0.8926666666666667,0.0,0.0016666666666666668
2928,4,5,3000,True,True,True,27,60.0,0.976,0.0013333333333333333,0.0016666666666666668
2902,4,6,3000,True,True,True,27,90.0,0.9673333333333334,0.0013333333333333333,0.002
2974,0,2,3000,True,False,True,27,120.0,0.9913333333333333,0.0,0.0006666666666666666
2956,240,7,3000,True,True,True,27,150.0,0.9853333333333333,0.08,0.0023333333333333335
2922,278,9,3000,True,True,True,27,180.0,0.974,0.09266666666666666,0.003
2966,38,3,3000,True,True,True,27,210.0,0.9886666666666667,0.012666666666666666,0.001
3000,0,1,3000,True,False,True,27,240.0,1.0,0.0,0.0003333333333333333
3000,0,1,3000,True,False,True,27,270.0,1.0,0.0,0.0003333333333333333
2976,0,2,3000,True,False,True,27,300.0,0.992,0.0,0.0006666666666666666
2974,0,3,3000,True,False,True,27,330.0,0.9913333333333333,0.0,0.001
2998,2,4,3000,True,True,True,27,360.0,0.9993333333333333,0.0006666666666666666,0.0013333333333333333
3000,2,3,3000,True,True,True,27,390.0,1.0,0.0006666666666666666,0.001
2974,0,3,3000,True,False,True,27,420.0,0.9913333333333333,0.0,0.001
2974,0,3,3000,True,False,True,27,450.0,0.9913333333333333,0.0,0.001
3000,6,3,3000,True,True,True,27,480.0,1.0,0.002,0.001
2790,0,4,3000,True,False,True,28,0.0,0.93,0.0,0.0013333333333333333
2802,32,5,3000,True,True,True,28,30.0,0.934,0.010666666666666666,0.0016666666666666668
2966,56,6,3000,True,True,True,28,60.0,0.9886666666666667,0.018666666666666668,0.002
2938,116,13,3000,True,True,True,28,90.0,0.9793333333333333,0.03866666666666667,0.004333333333333333
2970,142,14,3000,True,True,True,28,120.0,0.99,0.04733333333333333,0.004666666666666667
2946,80,12,3000,True,True,True,28,150.0,0.982,0.02666666666666667,0.004
2940,30,9,3000,True,True,True,28,180.0,0.98,0.01,0.003
2982,0,4,3000,True,False,True,28,210.0,0.994,0.0,0.0013333333333333333
2980,136,10,3000,True,True,True,28,240.0,0.9933333333333333,0.04533333333333334,0.0033333333333333335
2990,292,14,3000,True,True,True,28,270.0,0.9966666666666667,0.09733333333333333,0.004666666666666667
2948,164,9,3000,True,True,True,28,300.0,0.9826666666666667,0.05466666666666667,0.003
2898,36,11,3000,True,True,True,28,330.0,0.966,0.012,0.0036666666666666666
2930,136,17,3000,True,True,True,28,360.0,0.9766666666666667,0.04533333333333334,0.005666666666666667
2818,108,12,3000,True,True,True,28,390.0,0.9393333333333334,0.036,0.004
2690,0,6,3000,True,False,True,28,420.0,0.8966666666666666,0.0,0.002
2776,0,8,3000,True,False,True,28,450.0,0.9253333333333333,0.0,0.0026666666666666666
2806,214,14,3000,True,True,True,28,480.0,0.9353333333333333,0.07133333333333333,0.004666666666666667
2824,370,24,3000,True,True,True,28,510.0,0.9413333333333334,0.12333333333333334,0.008
2784,204,22,3000,True,True,True,28,540.0,0.928,0.068,0.007333333333333333
2842,122,12,3000,True,True,True,28,570.0,0.9473333333333334,0.04066666666666666,0.004
2988,140,13,3000,True,True,True,28,600.0,0.996,0.04666666666666667,0.004333333333333333
2988,168,15,3000,True,True,True,28,630.0,0.996,0.056,0.005
2910,180,11,3000,True,True,True,28,660.0,0.97,0.06,0.0036666666666666666
2776,78,5,3000,True,True,True,28,690.0,0.9253333333333333,0.026,0.0016666666666666668
2688,0,6,3000,True,False,True,29,0.0,0.896,0.0,0.002
2768,0,7,3000,True,False,True,29,30.0,0.9226666666666666,0.0,0.0023333333333333335
2808,0,7,3000,True,False,True,29,60.0,0.936,0.0,0.0023333333333333335
2680,0,6,3000,True,False,True,29,90.0,0.8933333333333333,0.0,0.002
2444,0,8,3000,True,False,True,29,120.0,0.8146666666666667,0.0,0.0026666666666666666
2396,0,12,3000,True,False,True,29,150.0,0.7986666666666666,0.0,0.004
2424,0,12,3000,True,False,True,29,180.0,0.808,0.0,0.004
2538,0,8,3000,True,False,True,29,210.0,0.846,0.0,0.0026666666666666666
2412,0,8,3000,True,False,True,30,0.0,0.804,0.0,0.0026666666666666666
2598,0,7,3000,True,False,True,31,0.0,0.866,0.0,0.0023333333333333335
2978,234,11,3000,True,True,True,31,30.0,0.9926666666666667,0.078,0.0036666666666666666
2870,274,17,3000,True,True,True,31,60.0,0.9566666666666667,0.09133333333333334,0.005666666666666667
2866,50,12,3000,True,True,True,31,90.0,0.9553333333333334,0.016666666666666666,0.004
2808,10,9,3000,True,True,True,31,120.0,0.936,0.0033333333333333335,0.003
2742,62,17,3000,True,True,True,31,150.0,0.914,0.020666666666666667,0.005666666666666667
2782,162,26,3000,True,True,True,31,180.0,0.9273333333333333,0.054,0.008666666666666666
2818,140,22,3000,True,True,True,31,210.0,0.9393333333333334,0.04666666666666667,0.007333333333333333
2882,184,18,3000,True,True,True,31,240.0,0.9606666666666667,0.06133333333333333,0.006
2860,246,27,3000,True,True,True,31,270.0,0.9533333333333334,0.082,0.009
2898,176,31,3000,True,True,True,31,300.0,0.966,0.058666666666666666,0.010333333333333333
2932,74,17,3000,True,True,True,31,330.0,0.9773333333333334,0.024666666666666667,0.005666666666666667
2932,0,5,3000,True,False,True,31,360.0,0.9773333333333334,0.0,0.0016666666666666668
2856,2,10,3000,True,True,True,31,390.0,0.952,0.0006666666666666666,0.0033333333333333335
2630,2,15,3000,True,True,True,31,420.0,0.8766666666666667,0.0006666666666666666,0.005
2728,150,10,3000,True,True,True,31,450.0,0.9093333333333333,0.05,0.0033333333333333335
2860,468,23,3000,True,True,True,31,480.0,0.9533333333333334,0.156,0.007666666666666666
2724,0,8,3000,True,False,True,32,0.0,0.908,0.0,0.0026666666666666666
2530,0,11,3000,True,False,True,32,30.0,0.8433333333333334,0.0,0.0036666666666666666
2112,0,11,3000,True,False,True,32,60.0,0.704,0.0,0.0036666666666666666
2290,0,6,3000,True,False,True,32,90.0,0.7633333333333333,0.0,0.002
2900,0,5,3000,True,False,True,32,120.0,0.9666666666666667,0.0,0.0016666666666666668
2930,0,4,3000,True,False,True,32,150.0,0.9766666666666667,0.0,0.0013333333333333333
2844,0,4,3000,True,False,True,32,180.0,0.948,0.0,0.0013333333333333333
2816,20,8,3000,True,True,True,32,210.0,0.9386666666666666,0.006666666666666667,0.0026666666666666666
2902,28,15,3000,True,True,True,32,240.0,0.9673333333333334,0.009333333333333334,0.005
2930,42,12,3000,True,True,True,32,270.0,0.9766666666666667,0.014,0.004
2994,70,8,3000,True,True,True,32,300.0,0.998,0.023333333333333334,0.0026666666666666666
2988,72,14,3000,True,True,True,32,330.0,0.996,0.024,0.004666666666666667
2964,138,23,3000,True,True,True,32,360.0,0.988,0.046,0.007666666666666666
2938,282,26,3000,True,True,True,32,390.0,0.9793333333333333,0.094,0.008666666666666666
2938,234,16,3000,True,True,True,32,420.0,0.9793333333333333,0.078,0.005333333333333333
2928,80,9,3000,True,True,True,32,450.0,0.976,0.02666666666666667,0.003
2952,70,10,3000,True,True,True,32,480.0,0.984,0.023333333333333334,0.0033333333333333335
2986,78,9,3000,True,True,True,32,510.0,0.9953333333333333,0.026,0.003
2958,126,13,3000,True,True,True,32,540.0,0.986,0.042,0.004333333333333333
2948,92,12,3000,True,True,True,32,570.0,0.9826666666666667,0.030666666666666665,0.004
2932,24,7,3000,True,True,True,32,600.0,0.9773333333333334,0.008,0.0023333333333333335
2874,28,11,3000,True,True,True,32,630.0,0.958,0.009333333333333334,0.0036666666666666666
2922,18,9,3000,True,True,True,32,660.0,0.974,0.006,0.003
2886,84,14,3000,True,True,True,32,690.0,0.962,0.028,0.004666666666666667
2524,0,9,3000,True,False,True,33,0.0,0.8413333333333334,0.0,0.003
2410,0,8,3000,True,False,True,33,30.0,0.8033333333333333,0.0,0.0026666666666666666
2404,0,7,3000,True,False,True,33,60.0,0.8013333333333333,0.0,0.0023333333333333335
2556,0,6,3000,True,False,True,33,90.0,0.852,0.0,0.002
2630,0,7,3000,True,False,True,33,120.0,0.8766666666666667,0.0,0.0023333333333333335
2488,0,8,3000,True,False,True,33,150.0,0.8293333333333334,0.0,0.0026666666666666666
2154,0,10,3000,True,False,True,33,180.0,0.718,0.0,0.0033333333333333335
2286,0,10,3000,True,False,True,33,210.0,0.762,0.0,0.0033333333333333335
2666,0,11,3000,True,False,True,33,240.0,0.8886666666666667,0.0,0.0036666666666666666
2476,0,11,3000,True,False,True,33,270.0,0.8253333333333334,0.0,0.0036666666666666666
2510,0,10,3000,True,False,True,33,300.0,0.8366666666666667,0.0,0.0033333333333333335
2836,56,9,3000,True,True,True,33,330.0,0.9453333333333334,0.018666666666666668,0.003
2742,134,9,3000,True,True,True,33,360.0,0.914,0.04466666666666667,0.003
2642,78,9,3000,True,True,True,33,390.0,0.8806666666666667,0.026,0.003
2748,0,8,3000,True,False,True,33,420.0,0.916,0.0,0.0026666666666666666
2824,94,13,3000,True,True,True,33,450.0,0.9413333333333334,0.03133333333333333,0.004333333333333333
2898,36,7,3000,True,True,True,34,0.0,0.966,0.012,0.0023333333333333335
2834,36,9,3000,True,True,True,34,30.0,0.9446666666666667,0.012,0.003
2928,176,14,3000,True,True,True,34,60.0,0.976,0.058666666666666666,0.004666666666666667
3000,176,11,3000,True,True,True,34,90.0,1.0,0.058666666666666666,0.0036666666666666666
2990,80,7,3000,True,True,True,34,120.0,0.9966666666666667,0.02666666666666667,0.0023333333333333335
2984,222,17,3000,True,True,True,34,150.0,0.9946666666666667,0.074,0.005666666666666667
2956,220,16,3000,True,True,True,34,180.0,0.9853333333333333,0.07333333333333333,0.005333333333333333
2962,100,9,3000,True,True,True,34,210.0,0.9873333333333333,0.03333333333333333,0.003
3000,142,14,3000,True,True,True,34,240.0,1.0,0.04733333333333333,0.004666666666666667
2988,416,29,3000,True,True,True,34,270.0,0.996,0.13866666666666666,0.009666666666666667
2996,634,19,3000,True,True,True,35,0.0,0.9986666666666667,0.21133333333333335,0.006333333333333333
2980,388,15,3000,True,True,True,35,30.0,0.9933333333333333,0.12933333333333333,0.005
2984,506,10,3000,True,True,True,35,60.0,0.9946666666666667,0.16866666666666666,0.0033333333333333335
3000,722,11,3000,True,True,True,35,90.0,1.0,0.24066666666666667,0.0036666666666666666
2586,382,19,3000,True,True,True,36,0.0,0.862,0.12733333333333333,0.006333333333333333
2890,162,8,3000,True,True,True,36,30.0,0.9633333333333334,0.054,0.0026666666666666666
2532,26,9,3000,True,True,True,36,60.0,0.844,0.008666666666666666,0.003
2634,228,12,3000,True,True,True,36,90.0,0.878,0.076,0.004
2722,234,13,3000,True,True,True,37,0.0,0.9073333333333333,0.078,0.004333333333333333
2724,274,15,3000,True,True,True,37,30.0,0.908,0.09133333333333334,0.005
2884,40,5,3000,True,True,True,37,60.0,0.9613333333333334,0.013333333333333334,0.0016666666666666668
3000,0,1,3000,True,False,True,37,90.0,1.0,0.0,0.0003333333333333333
2922,0,4,3000,True,False,True,37,120.0,0.974,0.0,0.0013333333333333333
2906,0,6,3000,True,False,True,37,150.0,0.9686666666666667,0.0,0.002
2430,0,8,3000,True,False,True,37,180.0,0.81,0.0,0.0026666666666666666
2446,322,11,3000,True,True,True,37,210.0,0.8153333333333334,0.10733333333333334,0.0036666666666666666
2988,1684,17,3000,True,True,True,37,240.0,0.996,0.5613333333333334,0.005666666666666667
2964,1762,20,3000,True,True,True,37,270.0,0.988,0.5873333333333334,0.006666666666666667
2976,650,23,3000,True,True,True,37,300.0,0.992,0.21666666666666667,0.007666666666666666
3000,842,25,3000,True,True,True,37,330.0,1.0,0.2806666666666667,0.008333333333333333
3000,1204,19,3000,True,True,True,37,360.0,1.0,0.4013333333333333,0.006333333333333333
3000,1034,25,3000,True,True,True,37,390.0,1.0,0.3446666666666667,0.008333333333333333
2990,440,20,3000,True,True,True,37,420.0,0.9966666666666667,0.14666666666666667,0.006666666666666667
2476,0,8,3000,True,False,True,38,0.0,0.8253333333333334,0.0,0.0026666666666666666
2678,0,13,3000,True,False,True,38,30.0,0.8926666666666667,0.0,0.004333333333333333
2390,0,8,3000,True,False,True,38,60.0,0.7966666666666666,0.0,0.0026666666666666666
1384,0,12,3000,True,False,True,39,0.0,0.4613333333333333,0.0,0.004
1778,0,13,3000,True,False,True,39,30.0,0.5926666666666667,0.0,0.004333333333333333
2212,0,14,3000,True,False,True,39,60.0,0.7373333333333333,0.0,0.004666666666666667
2236,0,13,3000,True,False,True,39,90.0,0.7453333333333333,0.0,0.004333333333333333
2134,0,16,3000,True,False,True,39,120.0,0.7113333333333334,0.0,0.005333333333333333
2112,0,20,3000,True,False,True,39,150.0,0.704,0.0,0.006666666666666667
2070,0,18,3000,True,False,True,39,180.0,0.69,0.0,0.006
2152,0,16,3000,True,False,True,39,210.0,0.7173333333333334,0.0,0.005333333333333333
2366,0,14,3000,True,False,True,39,240.0,0.7886666666666666,0.0,0.004666666666666667
2204,0,14,3000,True,False,True,39,270.0,0.7346666666666667,0.0,0.004666666666666667
2180,0,15,3000,True,False,True,39,300.0,0.7266666666666667,0.0,0.005
2242,0,16,3000,True,False,True,39,330.0,0.7473333333333333,0.0,0.005333333333333333
2334,0,14,3000,True,False,True,39,360.0,0.778,0.0,0.004666666666666667
2454,0,14,3000,True,False,True,39,390.0,0.818,0.0,0.004666666666666667
2360,0,18,3000,True,False,True,39,420.0,0.7866666666666666,0.0,0.006
2310,0,17,3000,True,False,True,39,450.0,0.77,0.0,0.005666666666666667
2248,0,17,3000,True,False,True,39,480.0,0.7493333333333333,0.0,0.005666666666666667
2176,0,18,3000,True,False,True,39,510.0,0.7253333333333334,0.0,0.006
2172,0,20,3000,True,False,True,39,540.0,0.724,0.0,0.006666666666666667
2206,0,20,3000,True,False,True,39,570.0,0.7353333333333333,0.0,0.006666666666666667
2114,0,16,3000,True,False,True,39,600.0,0.7046666666666667,0.0,0.005333333333333333
2112,0,19,3000,True,False,True,39,630.0,0.704,0.0,0.006333333333333333
2284,0,19,3000,True,False,True,39,660.0,0.7613333333333333,0.0,0.006333333333333333
2314,0,16,3000,True,False,True,39,690.0,0.7713333333333333,0.0,0.005333333333333333
2294,0,18,3000,True,False,True,39,720.0,0.7646666666666667,0.0,0.006
2274,0,18,3000,True,False,True,39,750.0,0.758,0.0,0.006
2164,0,16,3000,True,False,True,39,780.0,0.7213333333333334,0.0,0.005333333333333333
2884,62,7,3000,True,True,True,40,0.0,0.9613333333333334,0.020666666666666667,0.0023333333333333335
2812,194,10,3000,True,True,True,40,30.0,0.9373333333333334,0.06466666666666666,0.0033333333333333335
2916,132,6,3000,True,True,True,40,60.0,0.972,0.044,0.002
2984,0,4,3000,True,False,True,40,90.0,0.9946666666666667,0.0,0.0013333333333333333
2984,0,4,3000,True,False,True,40,120.0,0.9946666666666667,0.0,0.0013333333333333333
2990,8,8,3000,True,True,True,40,150.0,0.9966666666666667,0.0026666666666666666,0.0026666666666666666
2952,60,10,3000,True,True,True,40,180.0,0.984,0.02,0.0033333333333333335
2952,52,6,3000,True,True,True,40,210.0,0.984,0.017333333333333333,0.002
3000,8,4,3000,True,True,True,40,240.0,1.0,0.0026666666666666666,0.0013333333333333333
3000,42,8,3000,True,True,True,40,270.0,1.0,0.014,0.0026666666666666666
2840,30,5,3000,True,True,True,41,0.0,0.9466666666666667,0.01,0.0016666666666666668
2978,30,4,3000,True,True,True,41,30.0,0.9926666666666667,0.01,0.0013333333333333333
2902,32,5,3000,True,True,True,41,60.0,0.9673333333333334,0.010666666666666666,0.0016666666666666668
2902,32,5,3000,True,True,True,41,90.0,0.9673333333333334,0.010666666666666666,0.0016666666666666668
2938,114,10,3000,True,True,True,41,120.0,0.9793333333333333,0.038,0.0033333333333333335
2870,114,12,3000,True,True,True,41,150.0,0.9566666666666667,0.038,0.004
2844,66,9,3000,True,True,True,41,180.0,0.948,0.022,0.003
2934,26,4,3000,True,True,True,42,0.0,0.978,0.008666666666666666,0.0013333333333333333
2946,114,11,3000,True,True,True,42,30.0,0.982,0.038,0.0036666666666666666
2988,88,9,3000,True,True,True,42,60.0,0.996,0.029333333333333333,0.003
2990,0,4,3000,True,False,True,42,90.0,0.9966666666666667,0.0,0.0013333333333333333
2998,60,7,3000,True,True,True,42,120.0,0.9993333333333333,0.02,0.0023333333333333335
2990,98,9,3000,True,True,True,42,150.0,0.9966666666666667,0.03266666666666666,0.003
2844,0,6,3000,True,False,True,43,0.0,0.948,0.0,0.002
2904,62,5,3000,True,True,True,43,30.0,0.968,0.020666666666666667,0.0016666666666666668
2958,138,5,3000,True,True,True,43,60.0,0.986,0.046,0.0016666666666666668
2948,76,5,3000,True,True,True,43,90.0,0.9826666666666667,0.025333333333333333,0.0016666666666666668
2942,0,3,3000,True,False,True,43,120.0,0.9806666666666667,0.0,0.001
2972,486,10,3000,True,True,True,43,150.0,0.9906666666666667,0.162,0.0033333333333333335
3000,678,11,3000,True,True,True,43,180.0,1.0,0.226,0.0036666666666666666
2996,318,6,3000,True,True,True,43,210.0,0.9986666666666667,0.106,0.002
2996,126,4,3000,True,True,True,43,240.0,0.9986666666666667,0.042,0.0013333333333333333
2908,308,10,3000,True,True,True,43,270.0,0.9693333333333334,0.10266666666666667,0.0033333333333333335
2998,0,1,3000,True,False,True,44,0.0,0.9993333333333333,0.0,0.0003333333333333333
3000,0,1,3000,True,False,True,44,30.0,1.0,0.0,0.0003333333333333333
3000,0,1,3000,True,False,True,44,60.0,1.0,0.0,0.0003333333333333333
2958,0,3,3000,True,False,True,44,90.0,0.986,0.0,0.001
2958,0,3,3000,True,False,True,44,120.0,0.986,0.0,0.001
3000,0,1,3000,True,False,True,44,150.0,1.0,0.0,0.0003333333333333333
3000,0,1,3000,True,False,True,44,180.0,1.0,0.0,0.0003333333333333333
3000,0,1,3000,True,False,True,44,210.0,1.0,0.0,0.0003333333333333333
3000,0,1,3000,True,False,True,44,240.0,1.0,0.0,0.0003333333333333333
3000,0,1,3000,True,False,True,44,270.0,1.0,0.0,0.0003333333333333333
3000,0,1,3000,True,False,True,44,300.0,1.0,0.0,0.0003333333333333333
3000,0,1,3000,True,False,True,44,330.0,1.0,0.0,0.0003333333333333333
3000,0,1,3000,True,False,True,44,360.0,1.0,0.0,0.0003333333333333333
2976,0,2,3000,True,False,True,44,390.0,0.992,0.0,0.0006666666666666666
2976,0,2,3000,True,False,True,44,420.0,0.992,0.0,0.0006666666666666666
3000,0,1,3000,True,False,True,44,450.0,1.0,0.0,0.0003333333333333333
2996,0,2,3000,True,False,True,44,480.0,0.9986666666666667,0.0,0.0006666666666666666
2996,0,2,3000,True,False,True,44,510.0,0.9986666666666667,0.0,0.0006666666666666666
3000,0,1,3000,True,False,True,44,540.0,1.0,0.0,0.0003333333333333333
3000,0,1,3000,True,False,True,44,570.0,1.0,0.0,0.0003333333333333333
3000,0,1,3000,True,False,True,44,600.0,1.0,0.0,0.0003333333333333333
3000,0,1,3000,True,False,True,44,630.0,1.0,0.0,0.0003333333333333333
3000,0,1,3000,True,False,True,44,660.0,1.0,0.0,0.0003333333333333333
2944,0,3,3000,True,False,True,44,690.0,0.9813333333333333,0.0,0.001
2944,0,3,3000,True,False,True,44,720.0,0.9813333333333333,0.0,0.001
3000,0,1,3000,True,False,True,44,750.0,1.0,0.0,0.0003333333333333333
2980,0,2,3000,True,False,True,44,780.0,0.9933333333333333,0.0,0.0006666666666666666
2980,0,2,3000,True,False,True,44,810.0,0.9933333333333333,0.0,0.0006666666666666666
3000,0,1,3000,True,False,True,44,840.0,1.0,0.0,0.0003333333333333333
3000,0,1,3000,True,False,True,44,870.0,1.0,0.0,0.0003333333333333333
3000,0,1,3000,True,False,True,44,900.0,1.0,0.0,0.0003333333333333333
3000,0,1,3000,True,False,True,44,930.0,1.0,0.0,0.0003333333333333333
2968,0,1,3000,True,False,True,44,960.0,0.9893333333333333,0.0,0.0003333333333333333
2932,0,2,3000,True,False,True,45,0.0,0.9773333333333334,0.0,0.0006666666666666666
3000,68,3,3000,True,True,True,45,30.0,1.0,0.02266666666666667,0.001
3000,212,8,3000,True,True,True,45,60.0,1.0,0.07066666666666667,0.0026666666666666666
3000,244,11,3000,True,True,True,45,90.0,1.0,0.08133333333333333,0.0036666666666666666
3000,146,11,3000,True,True,True,45,120.0,1.0,0.048666666666666664,0.0036666666666666666
3000,90,10,3000,True,True,True,45,150.0,1.0,0.03,0.0033333333333333335
3000,50,7,3000,True,True,True,45,180.0,1.0,0.016666666666666666,0.0023333333333333335
3000,68,5,3000,True,True,True,45,210.0,1.0,0.02266666666666667,0.0016666666666666668
3000,154,7,3000,True,True,True,45,240.0,1.0,0.051333333333333335,0.0023333333333333335
3000,156,9,3000,True,True,True,45,270.0,1.0,0.052,0.003
2972,90,8,3000,True,True,True,45,300.0,0.9906666666666667,0.03,0.0026666666666666666
2972,114,8,3000,True,True,True,45,330.0,0.9906666666666667,0.038,0.0026666666666666666
2998,110,8,3000,True,True,True,45,360.0,0.9993333333333333,0.03666666666666667,0.0026666666666666666
2998,94,8,3000,True,True,True,45,390.0,0.9993333333333333,0.03133333333333333,0.0026666666666666666
2866,218,18,3000,True,True,True,45,420.0,0.9553333333333334,0.07266666666666667,0.006
2862,186,19,3000,True,True,True,45,450.0,0.954,0.062,0.006333333333333333
2772,122,18,3000,True,True,True,45,480.0,0.924,0.04066666666666666,0.006
2750,306,27,3000,True,True,True,45,510.0,0.9166666666666666,0.102,0.009
2930,312,18,3000,True,True,True,45,540.0,0.9766666666666667,0.104,0.006
2738,8,8,3000,True,True,True,46,0.0,0.9126666666666666,0.0026666666666666666,0.0026666666666666666
2768,8,10,3000,True,True,True,46,30.0,0.9226666666666666,0.0026666666666666666,0.0033333333333333335
2840,0,9,3000,True,False,True,46,60.0,0.9466666666666667,0.0,0.003
2876,0,9,3000,True,False,True,46,90.0,0.9586666666666667,0.0,0.003
2780,0,10,3000,True,False,True,46,120.0,0.9266666666666666,0.0,0.0033333333333333335
2668,0,13,3000,True,False,True,46,150.0,0.8893333333333333,0.0,0.004333333333333333
2684,0,14,3000,True,False,True,46,180.0,0.8946666666666667,0.0,0.004666666666666667
2776,0,10,3000,True,False,True,46,210.0,0.9253333333333333,0.0,0.0033333333333333335
2878,0,8,3000,True,False,True,46,240.0,0.9593333333333334,0.0,0.0026666666666666666
2926,0,8,3000,True,False,True,46,270.0,0.9753333333333334,0.0,0.0026666666666666666
2936,20,9,3000,True,True,True,46,300.0,0.9786666666666667,0.006666666666666667,0.003
2612,20,10,3000,True,True,True,46,330.0,0.8706666666666667,0.006666666666666667,0.0033333333333333335
2606,0,7,3000,True,False,True,46,360.0,0.8686666666666667,0.0,0.0023333333333333335
2956,0,3,3000,True,False,True,46,390.0,0.9853333333333333,0.0,0.001
2898,0,6,3000,True,False,True,46,420.0,0.966,0.0,0.002
2772,68,16,3000,True,True,True,46,450.0,0.924,0.02266666666666667,0.005333333333333333
2732,68,15,3000,True,True,True,46,480.0,0.9106666666666666,0.02266666666666667,0.005
2726,0,8,3000,True,False,True,46,510.0,0.9086666666666666,0.0,0.0026666666666666666
2694,14,13,3000,True,True,True,46,540.0,0.898,0.004666666666666667,0.004333333333333333
2764,14,13,3000,True,True,True,46,570.0,0.9213333333333333,0.004666666666666667,0.004333333333333333
2866,0,6,3000,True,False,True,46,600.0,0.9553333333333334,0.0,0.002
2816,0,7,3000,True,False,True,46,630.0,0.9386666666666666,0.0,0.0023333333333333335
2848,0,7,3000,True,False,True,46,660.0,0.9493333333333334,0.0,0.0023333333333333335
2974,0,2,3000,True,False,True,46,690.0,0.9913333333333333,0.0,0.0006666666666666666
2788,368,13,3000,True,True,True,47,0.0,0.9293333333333333,0.12266666666666666,0.004333333333333333
2842,436,21,3000,True,True,True,47,30.0,0.9473333333333334,0.14533333333333334,0.007
2978,214,16,3000,True,True,True,47,60.0,0.9926666666666667,0.07133333333333333,0.005333333333333333
2980,146,7,3000,True,True,True,47,90.0,0.9933333333333333,0.048666666666666664,0.0023333333333333335
2796,0,6,3000,True,False,True,48,0.0,0.932,0.0,0.002
2668,0,9,3000,True,False,True,48,30.0,0.8893333333333333,0.0,0.003
2728,0,8,3000,True,False,True,48,60.0,0.9093333333333333,0.0,0.0026666666666666666
2852,192,15,3000,True,True,True,48,90.0,0.9506666666666667,0.064,0.005
2888,192,14,3000,True,True,True,48,120.0,0.9626666666666667,0.064,0.004666666666666667
2722,0,8,3000,True,False,True,48,150.0,0.9073333333333333,0.0,0.0026666666666666666
2576,0,11,3000,True,False,True,48,180.0,0.8586666666666667,0.0,0.0036666666666666666
2614,0,15,3000,True,False,True,48,210.0,0.8713333333333333,0.0,0.005
2630,0,14,3000,True,False,True,48,240.0,0.8766666666666667,0.0,0.004666666666666667
2730,0,11,3000,True,False,True,48,270.0,0.91,0.0,0.0036666666666666666
2818,0,11,3000,True,False,True,48,300.0,0.9393333333333334,0.0,0.0036666666666666666
2756,0,13,3000,True,False,True,48,330.0,0.9186666666666666,0.0,0.004333333333333333
2806,0,11,3000,True,False,True,48,360.0,0.9353333333333333,0.0,0.0036666666666666666
2778,0,10,3000,True,False,True,48,390.0,0.926,0.0,0.0033333333333333335
2628,0,15,3000,True,False,True,48,420.0,0.876,0.0,0.005
2618,0,13,3000,True,False,True,48,450.0,0.8726666666666667,0.0,0.004333333333333333
2890,92,12,3000,True,True,True,49,0.0,0.9633333333333334,0.030666666666666665,0.004
2738,78,15,3000,True,True,True,49,30.0,0.9126666666666666,0.026,0.005
2794,94,15,3000,True,True,True,49,60.0,0.9313333333333333,0.03133333333333333,0.005
2940,256,21,3000,True,True,True,49,90.0,0.98,0.08533333333333333,0.007
2966,216,20,3000,True,True,True,49,120.0,0.9886666666666667,0.072,0.006666666666666667
2310,0,5,3000,True,False,True,50,0.0,0.77,0.0,0.0016666666666666668
2534,0,7,3000,True,False,True,50,30.0,0.8446666666666667,0.0,0.0023333333333333335
2778,0,6,3000,True,False,True,50,60.0,0.926,0.0,0.002
2682,0,5,3000,True,False,True,50,90.0,0.894,0.0,0.0016666666666666668
2630,0,8,3000,True,False,True,50,120.0,0.8766666666666667,0.0,0.0026666666666666666
2666,0,6,3000,True,False,True,50,150.0,0.8886666666666667,0.0,0.002
2984,46,3,3000,True,True,True,51,0.0,0.9946666666666667,0.015333333333333332,0.001
3000,46,3,3000,True,True,True,51,30.0,1.0,0.015333333333333332,0.001
2982,10,5,3000,True,True,True,51,60.0,0.994,0.0033333333333333335,0.0016666666666666668
2944,10,6,3000,True,True,True,51,90.0,0.9813333333333333,0.0033333333333333335,0.002
2962,92,4,3000,True,True,True,51,120.0,0.9873333333333333,0.030666666666666665,0.0013333333333333333
3000,92,3,3000,True,True,True,51,150.0,1.0,0.030666666666666665,0.001
2994,0,2,3000,True,False,True,51,180.0,0.998,0.0,0.0006666666666666666
2994,54,5,3000,True,True,True,51,210.0,0.998,0.018,0.0016666666666666668
3000,124,7,3000,True,True,True,51,240.0,1.0,0.04133333333333333,0.0023333333333333335
2998,100,7,3000,True,True,True,51,270.0,0.9993333333333333,0.03333333333333333,0.0023333333333333335
2998,126,8,3000,True,True,True,51,300.0,0.9993333333333333,0.042,0.0026666666666666666
3000,96,5,3000,True,True,True,51,330.0,1.0,0.032,0.0016666666666666668
2994,0,2,3000,True,False,True,51,360.0,0.998,0.0,0.0006666666666666666
2994,128,10,3000,True,True,True,51,390.0,0.998,0.042666666666666665,0.0033333333333333335
3000,128,9,3000,True,True,True,51,420.0,1.0,0.042666666666666665,0.003
2996,88,8,3000,True,True,True,51,450.0,0.9986666666666667,0.029333333333333333,0.0026666666666666666
2996,88,9,3000,True,True,True,51,480.0,0.9986666666666667,0.029333333333333333,0.003
2974,36,5,3000,True,True,True,51,510.0,0.9913333333333333,0.012,0.0016666666666666668
2866,4,7,3000,True,True,True,52,0.0,0.9553333333333334,0.0013333333333333333,0.0023333333333333335
2828,104,10,3000,True,True,True,52,30.0,0.9426666666666667,0.034666666666666665,0.0033333333333333335
2828,154,13,3000,True,True,True,52,60.0,0.9426666666666667,0.051333333333333335,0.004333333333333333
2870,92,11,3000,True,True,True,52,90.0,0.9566666666666667,0.030666666666666665,0.0036666666666666666
2962,38,4,3000,True,True,True,52,120.0,0.9873333333333333,0.012666666666666666,0.0013333333333333333
2962,260,9,3000,True,True,True,52,150.0,0.9873333333333333,0.08666666666666667,0.003
3000,274,9,3000,True,True,True,52,180.0,1.0,0.09133333333333334,0.003
2976,106,7,3000,True,True,True,52,210.0,0.992,0.035333333333333335,0.0023333333333333335
2976,250,14,3000,True,True,True,52,240.0,0.992,0.08333333333333333,0.004666666666666667
2950,198,11,3000,True,True,True,52,270.0,0.9833333333333333,0.066,0.0036666666666666666
2950,40,3,3000,True,True,True,52,300.0,0.9833333333333333,0.013333333333333334,0.001
2930,110,6,3000,True,True,True,52,330.0,0.9766666666666667,0.03666666666666667,0.002
2810,156,12,3000,True,True,True,52,360.0,0.9366666666666666,0.052,0.004
2880,46,7,3000,True,True,True,52,390.0,0.96,0.015333333333333332,0.0023333333333333335
2976,182,11,3000,True,True,True,52,420.0,0.992,0.06066666666666667,0.0036666666666666666
2976,182,11,3000,True,True,True,52,450.0,0.992,0.06066666666666667,0.0036666666666666666
2964,0,2,3000,True,False,True,52,480.0,0.988,0.0,0.0006666666666666666
2928,100,5,3000,True,True,True,52,510.0,0.976,0.03333333333333333,0.0016666666666666668
2964,100,4,3000,True,True,True,52,540.0,0.988,0.03333333333333333,0.0013333333333333333
2992,0,3,3000,True,False,True,52,570.0,0.9973333333333333,0.0,0.001
2752,0,5,3000,True,False,True,53,0.0,0.9173333333333333,0.0,0.0016666666666666668
2954,0,4,3000,True,False,True,53,30.0,0.9846666666666667,0.0,0.0013333333333333333
2968,0,4,3000,True,False,True,53,60.0,0.9893333333333333,0.0,0.0013333333333333333
2678,0,5,3000,True,False,True,53,90.0,0.8926666666666667,0.0,0.0016666666666666668
2912,0,3,3000,True,False,True,54,0.0,0.9706666666666667,0.0,0.001
2792,0,7,3000,True,False,True,54,30.0,0.9306666666666666,0.0,0.0023333333333333335
2766,0,7,3000,True,False,True,54,60.0,0.922,0.0,0.0023333333333333335
2878,258,9,3000,True,True,True,54,90.0,0.9593333333333334,0.086,0.003
2984,474,12,3000,True,True,True,54,120.0,0.9946666666666667,0.158,0.004
2986,412,14,3000,True,True,True,54,150.0,0.9953333333333333,0.13733333333333334,0.004666666666666667
2842,338,21,3000,True,True,True,54,180.0,0.9473333333333334,0.11266666666666666,0.007
2850,230,16,3000,True,True,True,54,210.0,0.95,0.07666666666666666,0.005333333333333333
3000,88,4,3000,True,True,True,54,240.0,1.0,0.029333333333333333,0.0013333333333333333
3000,0,1,3000,True,False,True,54,270.0,1.0,0.0,0.0003333333333333333
2984,66,6,3000,True,True,True,54,300.0,0.9946666666666667,0.022,0.002
2984,94,10,3000,True,True,True,54,330.0,0.9946666666666667,0.03133333333333333,0.0033333333333333335
3000,228,11,3000,True,True,True,54,360.0,1.0,0.076,0.0036666666666666666
2982,238,10,3000,True,True,True,54,390.0,0.994,0.07933333333333334,0.0033333333333333335
2976,90,10,3000,True,True,True,54,420.0,0.992,0.03,0.0033333333333333335
2988,52,9,3000,True,True,True,54,450.0,0.996,0.017333333333333333,0.003
2994,16,5,3000,True,True,True,54,480.0,0.998,0.005333333333333333,0.0016666666666666668
2996,120,8,3000,True,True,True,54,510.0,0.9986666666666667,0.04,0.0026666666666666666
2928,0,2,3000,True,False,True,55,0.0,0.976,0.0,0.0006666666666666666
3000,0,1,3000,True,False,True,55,30.0,1.0,0.0,0.0003333333333333333
2996,0,2,3000,True,False,True,55,60.0,0.9986666666666667,0.0,0.0006666666666666666
2994,26,5,3000,True,True,True,55,90.0,0.998,0.008666666666666666,0.0016666666666666668
2898,0,2,3000,True,False,True,56,0.0,0.966,0.0,0.0006666666666666666
2590,0,9,3000,True,False,True,57,0.0,0.8633333333333333,0.0,0.003
2682,0,6,3000,True,False,True,57,30.0,0.894,0.0,0.002
2756,52,12,3000,True,True,True,57,60.0,0.9186666666666666,0.017333333333333333,0.004
2730,52,12,3000,True,True,True,57,90.0,0.91,0.017333333333333333,0.004
2842,42,7,3000,True,True,True,57,120.0,0.9473333333333334,0.014,0.0023333333333333335
2988,116,8,3000,True,True,True,57,150.0,0.996,0.03866666666666667,0.0026666666666666666
2886,604,12,3000,True,True,True,57,180.0,0.962,0.20133333333333334,0.004
2700,612,19,3000,True,True,True,57,210.0,0.9,0.204,0.006333333333333333
2814,82,12,3000,True,True,True,57,240.0,0.938,0.027333333333333334,0.004
3000,0,1,3000,True,False,True,57,270.0,1.0,0.0,0.0003333333333333333
2998,94,8,3000,True,True,True,57,300.0,0.9993333333333333,0.03133333333333333,0.0026666666666666666
2910,452,15,3000,True,True,True,57,330.0,0.97,0.15066666666666667,0.005
2894,744,28,3000,True,True,True,57,360.0,0.9646666666666667,0.248,0.009333333333333334
2982,660,37,3000,True,True,True,57,390.0,0.994,0.22,0.012333333333333333
2984,752,26,3000,True,True,True,57,420.0,0.9946666666666667,0.25066666666666665,0.008666666666666666
2912,1028,29,3000,True,True,True,57,450.0,0.9706666666666667,0.3426666666666667,0.009666666666666667
2816,960,41,3000,True,True,True,57,480.0,0.9386666666666666,0.32,0.013666666666666667
2806,712,36,3000,True,True,True,57,510.0,0.9353333333333333,0.23733333333333334,0.012
2918,374,22,3000,True,True,True,57,540.0,0.9726666666666667,0.12466666666666666,0.007333333333333333
2906,102,16,3000,True,True,True,57,570.0,0.9686666666666667,0.034,0.005333333333333333
2902,764,34,3000,True,True,True,58,0.0,0.9673333333333334,0.25466666666666665,0.011333333333333334
2898,700,43,3000,True,True,True,58,30.0,0.966,0.23333333333333334,0.014333333333333333
2916,406,29,3000,True,True,True,58,60.0,0.972,0.13533333333333333,0.009666666666666667
2956,324,20,3000,True,True,True,58,90.0,0.9853333333333333,0.108,0.006666666666666667
2950,208,12,3000,True,True,True,58,120.0,0.9833333333333333,0.06933333333333333,0.004
2912,334,8,3000,True,True,True,59,0.0,0.9706666666666667,0.11133333333333334,0.0026666666666666666
2810,698,20,3000,True,True,True,59,30.0,0.9366666666666666,0.23266666666666666,0.006666666666666667
2762,434,21,3000,True,True,True,59,60.0,0.9206666666666666,0.14466666666666667,0.007
2854,122,15,3000,True,True,True,59,90.0,0.9513333333333334,0.04066666666666666,0.005
2944,52,9,3000,True,True,True,59,120.0,0.9813333333333333,0.017333333333333333,0.003
2948,62,12,3000,True,True,True,59,150.0,0.9826666666666667,0.020666666666666667,0.004
2974,62,12,3000,True,True,True,59,180.0,0.9913333333333333,0.020666666666666667,0.004
2962,90,5,3000,True,True,True,59,210.0,0.9873333333333333,0.03,0.0016666666666666668
2964,102,6,3000,True,True,True,59,240.0,0.988,0.034,0.002
2930,12,5,3000,True,True,True,59,270.0,0.9766666666666667,0.004,0.0016666666666666668
2930,0,3,3000,True,False,True,59,300.0,0.9766666666666667,0.0,0.001
3000,0,1,3000,True,False,True,59,330.0,1.0,0.0,0.0003333333333333333
3000,0,1,3000,True,False,True,59,360.0,1.0,0.0,0.0003333333333333333
2998,62,6,3000,True,True,True,59,390.0,0.9993333333333333,0.020666666666666667,0.002
2996,62,8,3000,True,True,True,59,420.0,0.9986666666666667,0.020666666666666667,0.0026666666666666666
2938,60,11,3000,True,True,True,59,450.0,0.9793333333333333,0.02,0.0036666666666666666
2938,60,10,3000,True,True,True,59,480.0,0.9793333333333333,0.02,0.0033333333333333335
2954,84,9,3000,True,True,True,60,0.0,0.9846666666666667,0.028,0.003
2862,112,13,3000,True,True,True,60,30.0,0.954,0.037333333333333336,0.004333333333333333
2862,28,7,3000,True,True,True,60,60.0,0.954,0.009333333333333334,0.0023333333333333335
2998,34,7,3000,True,True,True,61,0.0,0.9993333333333333,0.011333333333333334,0.0023333333333333335
2988,190,16,3000,True,True,True,61,30.0,0.996,0.06333333333333334,0.005333333333333333
2988,230,17,3000,True,True,True,61,60.0,0.996,0.07666666666666666,0.005666666666666667
3000,138,10,3000,True,True,True,61,90.0,1.0,0.046,0.0033333333333333335
3000,310,19,3000,True,True,True,61,120.0,1.0,0.10333333333333333,0.006333333333333333
3000,320,17,3000,True,True,True,61,150.0,1.0,0.10666666666666667,0.005666666666666667
3000,558,10,3000,True,True,True,61,180.0,1.0,0.186,0.0033333333333333335
2970,1056,15,3000,True,True,True,61,210.0,0.99,0.352,0.005
2970,1192,15,3000,True,True,True,61,240.0,0.99,0.3973333333333333,0.005
2984,874,25,3000,True,True,True,61,270.0,0.9946666666666667,0.29133333333333333,0.008333333333333333
2984,264,19,3000,True,True,True,61,300.0,0.9946666666666667,0.088,0.006333333333333333
2994,458,18,3000,True,True,True,61,330.0,0.998,0.15266666666666667,0.006
2986,546,22,3000,True,True,True,61,360.0,0.9953333333333333,0.182,0.007333333333333333
2886,0,2,3000,True,False,True,62,0.0,0.962,0.0,0.0006666666666666666
2990,0,2,3000,True,False,True,62,30.0,0.9966666666666667,0.0,0.0006666666666666666
2904,0,3,3000,True,False,True,62,60.0,0.968,0.0,0.001
2868,112,5,3000,True,True,True,62,90.0,0.956,0.037333333333333336,0.0016666666666666668
2954,112,5,3000,True,True,True,62,120.0,0.9846666666666667,0.037333333333333336,0.0016666666666666668
2898,0,4,3000,True,False,True,62,150.0,0.966,0.0,0.0013333333333333333
2794,0,6,3000,True,False,True,62,180.0,0.9313333333333333,0.0,0.002
2896,0,5,3000,True,False,True,62,210.0,0.9653333333333334,0.0,0.0016666666666666668
2894,0,3,3000,True,False,True,62,240.0,0.9646666666666667,0.0,0.001
2694,0,6,3000,True,False,True,62,270.0,0.898,0.0,0.002
2668,0,7,3000,True,False,True,62,300.0,0.8893333333333333,0.0,0.0023333333333333335
2854,0,5,3000,True,False,True,62,330.0,0.9513333333333334,0.0,0.0016666666666666668
2938,52,13,3000,True,True,True,62,360.0,0.9793333333333333,0.017333333333333333,0.004333333333333333
2838,52,13,3000,True,True,True,62,390.0,0.946,0.017333333333333333,0.004333333333333333
2882,0,5,3000,True,False,True,62,420.0,0.9606666666666667,0.0,0.0016666666666666668
2908,0,5,3000,True,False,True,62,450.0,0.9693333333333334,0.0,0.0016666666666666668
2774,82,8,3000,True,True,True,62,480.0,0.9246666666666666,0.027333333333333334,0.0026666666666666666
2748,82,8,3000,True,True,True,62,510.0,0.916,0.027333333333333334,0.0026666666666666666
2842,394,12,3000,True,True,True,62,540.0,0.9473333333333334,0.13133333333333333,0.004
2868,394,12,3000,True,True,True,62,570.0,0.956,0.13133333333333333,0.004
2634,74,19,3000,True,True,True,63,0.0,0.878,0.024666666666666667,0.006333333333333333
2966,26,16,3000,True,True,True,63,30.0,0.9886666666666667,0.008666666666666666,0.005333333333333333
2958,94,18,3000,True,True,True,63,60.0,0.986,0.03133333333333333,0.006
2812,114,19,3000,True,True,True,63,90.0,0.9373333333333334,0.038,0.006333333333333333
2720,70,14,3000,True,True,True,63,120.0,0.9066666666666666,0.023333333333333334,0.004666666666666667
2418,110,26,3000,True,True,True,63,150.0,0.806,0.03666666666666667,0.008666666666666666
2802,0,4,3000,True,False,True,64,0.0,0.934,0.0,0.0013333333333333333
2904,16,5,3000,True,True,True,64,30.0,0.968,0.005333333333333333,0.0016666666666666668
2872,16,5,3000,True,True,True,64,60.0,0.9573333333333334,0.005333333333333333,0.0016666666666666668
2872,0,3,3000,True,False,True,64,90.0,0.9573333333333334,0.0,0.001
2038,38,15,3000,True,True,True,65,0.0,0.6793333333333333,0.012666666666666666,0.005
2774,46,19,3000,True,True,True,65,30.0,0.9246666666666666,0.015333333333333332,0.006333333333333333
2882,64,14,3000,True,True,True,65,60.0,0.9606666666666667,0.021333333333333333,0.004666666666666667
2952,216,21,3000,True,True,True,65,90.0,0.984,0.072,0.007
2898,196,23,3000,True,True,True,65,120.0,0.966,0.06533333333333333,0.007666666666666666
2854,64,14,3000,True,True,True,65,150.0,0.9513333333333334,0.021333333333333333,0.004666666666666667
2926,126,17,3000,True,True,True,65,180.0,0.9753333333333334,0.042,0.005666666666666667
2902,122,18,3000,True,True,True,65,210.0,0.9673333333333334,0.04066666666666666,0.006
2806,24,13,3000,True,True,True,65,240.0,0.9353333333333333,0.008,0.004333333333333333
2542,0,13,3000,True,False,True,65,270.0,0.8473333333333334,0.0,0.004333333333333333
2552,38,18,3000,True,True,True,65,300.0,0.8506666666666667,0.012666666666666666,0.006
2806,56,22,3000,True,True,True,65,330.0,0.9353333333333333,0.018666666666666668,0.007333333333333333
2758,70,27,3000,True,True,True,65,360.0,0.9193333333333333,0.023333333333333334,0.009
2764,52,21,3000,True,True,True,65,390.0,0.9213333333333333,0.017333333333333333,0.007
2426,20,17,3000,True,True,True,65,420.0,0.8086666666666666,0.006666666666666667,0.005666666666666667
2112,34,23,3000,True,True,True,65,450.0,0.704,0.011333333333333334,0.007666666666666666
2460,48,22,3000,True,True,True,65,480.0,0.82,0.016,0.007333333333333333
2768,34,16,3000,True,True,True,65,510.0,0.9226666666666666,0.011333333333333334,0.005333333333333333
2780,0,12,3000,True,False,True,65,540.0,0.9266666666666666,0.0,0.004
2842,0,10,3000,True,False,True,65,570.0,0.9473333333333334,0.0,0.0033333333333333335
2766,0,10,3000,True,False,True,65,600.0,0.922,0.0,0.0033333333333333335
2672,62,17,3000,True,True,True,65,630.0,0.8906666666666667,0.020666666666666667,0.005666666666666667
2554,76,16,3000,True,True,True,65,660.0,0.8513333333333334,0.025333333333333333,0.005333333333333333
2644,14,11,3000,True,True,True,65,690.0,0.8813333333333333,0.004666666666666667,0.0036666666666666666
2794,104,18,3000,True,True,True,65,720.0,0.9313333333333333,0.034666666666666665,0.006
2530,154,28,3000,True,True,True,65,750.0,0.8433333333333334,0.051333333333333335,0.009333333333333334
2636,164,28,3000,True,True,True,65,780.0,0.8786666666666667,0.05466666666666667,0.009333333333333334
2822,122,24,3000,True,True,True,65,810.0,0.9406666666666667,0.04066666666666666,0.008
2690,8,16,3000,True,True,True,65,840.0,0.8966666666666666,0.0026666666666666666,0.005333333333333333
2698,0,9,3000,True,False,True,65,870.0,0.8993333333333333,0.0,0.003
2808,0,7,3000,True,False,True,65,900.0,0.936,0.0,0.0023333333333333335
2766,0,10,3000,True,False,True,65,930.0,0.922,0.0,0.0033333333333333335
2536,60,10,3000,True,True,True,66,0.0,0.8453333333333334,0.02,0.0033333333333333335
2790,0,9,3000,True,False,True,66,30.0,0.93,0.0,0.003
2598,0,11,3000,True,False,True,66,60.0,0.866,0.0,0.0036666666666666666
2428,0,5,3000,True,False,True,67,0.0,0.8093333333333333,0.0,0.0016666666666666668
2206,0,6,3000,True,False,True,67,30.0,0.7353333333333333,0.0,0.002
1760,0,8,3000,True,False,True,68,0.0,0.5866666666666667,0.0,0.0026666666666666666
2376,0,13,3000,True,False,True,68,30.0,0.792,0.0,0.004333333333333333
2126,0,12,3000,True,False,True,68,60.0,0.7086666666666667,0.0,0.004
2048,0,10,3000,True,False,True,68,90.0,0.6826666666666666,0.0,0.0033333333333333335
2364,0,10,3000,True,False,True,68,120.0,0.788,0.0,0.0033333333333333335
2480,0,10,3000,True,False,True,68,150.0,0.8266666666666667,0.0,0.0033333333333333335
2476,0,14,3000,True,False,True,68,180.0,0.8253333333333334,0.0,0.004666666666666667
2340,0,14,3000,True,False,True,68,210.0,0.78,0.0,0.004666666666666667
2548,0,5,3000,True,False,True,70,0.0,0.8493333333333334,0.0,0.0016666666666666668
2786,0,5,3000,True,False,True,70,30.0,0.9286666666666666,0.0,0.0016666666666666668
2930,0,3,3000,True,False,True,70,60.0,0.9766666666666667,0.0,0.001
2960,0,2,3000,True,False,True,70,90.0,0.9866666666666667,0.0,0.0006666666666666666
2964,200,5,3000,True,True,True,70,120.0,0.988,0.06666666666666667,0.0016666666666666668
3000,200,5,3000,True,True,True,70,150.0,1.0,0.06666666666666667,0.0016666666666666668
2994,0,3,3000,True,False,True,70,180.0,0.998,0.0,0.001
2844,0,5,3000,True,False,True,70,210.0,0.948,0.0,0.0016666666666666668
2850,0,3,3000,True,False,True,70,240.0,0.95,0.0,0.001
2992,0,2,3000,True,False,True,70,270.0,0.9973333333333333,0.0,0.0006666666666666666
2990,138,9,3000,True,True,True,70,300.0,0.9966666666666667,0.046,0.003
2998,138,8,3000,True,True,True,70,330.0,0.9993333333333333,0.046,0.0026666666666666666
3000,260,5,3000,True,True,True,70,360.0,1.0,0.08666666666666667,0.0016666666666666668
2910,260,6,3000,True,True,True,70,390.0,0.97,0.08666666666666667,0.002
2898,0,6,3000,True,False,True,70,420.0,0.966,0.0,0.002
2962,20,7,3000,True,True,True,70,450.0,0.9873333333333333,0.006666666666666667,0.0023333333333333335
2960,20,5,3000,True,True,True,70,480.0,0.9866666666666667,0.006666666666666667,0.0016666666666666668
2962,30,5,3000,True,True,True,70,510.0,0.9873333333333333,0.01,0.0016666666666666668
2976,30,4,3000,True,True,True,70,540.0,0.992,0.01,0.0013333333333333333
2968,0,4,3000,True,False,True,70,570.0,0.9893333333333333,0.0,0.0013333333333333333
2928,192,8,3000,True,True,True,70,600.0,0.976,0.064,0.0026666666666666666
2960,192,5,3000,True,True,True,70,630.0,0.9866666666666667,0.064,0.0016666666666666668
2914,96,10,3000,True,True,True,70,660.0,0.9713333333333334,0.032,0.0033333333333333335
2778,96,12,3000,True,True,True,70,690.0,0.926,0.032,0.004
2858,0,4,3000,True,False,True,70,720.0,0.9526666666666667,0.0,0.0013333333333333333
2994,38,4,3000,True,True,True,70,750.0,0.998,0.012666666666666666,0.0013333333333333333
2954,38,5,3000,True,True,True,70,780.0,0.9846666666666667,0.012666666666666666,0.0016666666666666668
2944,0,5,3000,True,False,True,70,810.0,0.9813333333333333,0.0,0.0016666666666666668
2950,170,9,3000,True,True,True,70,840.0,0.9833333333333333,0.056666666666666664,0.003
2910,204,11,3000,True,True,True,70,870.0,0.97,0.068,0.0036666666666666666
2496,34,8,3000,True,True,True,70,900.0,0.832,0.011333333333333334,0.0026666666666666666
2996,176,4,3000,True,True,True,71,0.0,0.9986666666666667,0.058666666666666666,0.0013333333333333333
2996,560,16,3000,True,True,True,71,30.0,0.9986666666666667,0.18666666666666668,0.005333333333333333
3000,1290,27,3000,True,True,True,71,60.0,1.0,0.43,0.009
2966,1374,34,3000,True,True,True,71,90.0,0.9886666666666667,0.458,0.011333333333333334
2966,1466,41,3000,True,True,True,71,120.0,0.9886666666666667,0.4886666666666667,0.013666666666666667
2974,1780,36,3000,True,True,True,71,150.0,0.9913333333333333,0.5933333333333334,0.012
2960,1368,39,3000,True,True,True,71,180.0,0.9866666666666667,0.456,0.013
2986,1042,39,3000,True,True,True,71,210.0,0.9953333333333333,0.3473333333333333,0.013
3000,1204,29,3000,True,True,True,71,240.0,1.0,0.4013333333333333,0.009666666666666667
2054,0,10,3000,True,False,True,72,0.0,0.6846666666666666,0.0,0.0033333333333333335
2232,0,8,3000,True,False,True,72,30.0,0.744,0.0,0.0026666666666666666
2848,0,6,3000,True,False,True,72,60.0,0.9493333333333334,0.0,0.002
2676,72,13,3000,True,True,True,74,0.0,0.892,0.024,0.004333333333333333
2668,30,10,3000,True,True,True,74,30.0,0.8893333333333333,0.01,0.0033333333333333335
2790,26,8,3000,True,True,True,74,60.0,0.93,0.008666666666666666,0.0026666666666666666
2914,26,6,3000,True,True,True,74,90.0,0.9713333333333334,0.008666666666666666,0.002
2878,0,5,3000,True,False,True,74,120.0,0.9593333333333334,0.0,0.0016666666666666668
2816,136,11,3000,True,True,True,74,150.0,0.9386666666666666,0.04533333333333334,0.0036666666666666666
2714,136,12,3000,True,True,True,74,180.0,0.9046666666666666,0.04533333333333334,0.004
2762,0,5,3000,True,False,True,74,210.0,0.9206666666666666,0.0,0.0016666666666666668
2842,0,4,3000,True,False,True,74,240.0,0.9473333333333334,0.0,0.0013333333333333333
2808,2,6,3000,True,True,True,74,270.0,0.936,0.0006666666666666666,0.002
2372,0,6,3000,True,False,True,75,0.0,0.7906666666666666,0.0,0.002
2604,0,12,3000,True,False,True,75,30.0,0.868,0.0,0.004
2562,0,13,3000,True,False,True,75,60.0,0.854,0.0,0.004333333333333333
2122,0,7,3000,True,False,True,76,0.0,0.7073333333333334,0.0,0.0023333333333333335
2310,0,14,3000,True,False,True,76,30.0,0.77,0.0,0.004666666666666667
2146,8,20,3000,True,True,True,76,60.0,0.7153333333333334,0.0026666666666666666,0.006666666666666667
1808,10,17,3000,True,True,True,76,90.0,0.6026666666666667,0.0033333333333333335,0.005666666666666667
1646,2,11,3000,True,True,True,76,120.0,0.5486666666666666,0.0006666666666666666,0.0036666666666666666
1894,2,9,3000,True,True,True,76,150.0,0.6313333333333333,0.0006666666666666666,0.003
1994,2,9,3000,True,True,True,76,180.0,0.6646666666666666,0.0006666666666666666,0.003
1690,2,12,3000,True,True,True,76,210.0,0.5633333333333334,0.0006666666666666666,0.004
1408,2,13,3000,True,True,True,76,240.0,0.4693333333333333,0.0006666666666666666,0.004333333333333333
1514,0,11,3000,True,False,True,76,270.0,0.5046666666666667,0.0,0.0036666666666666666
1648,0,10,3000,True,False,True,76,300.0,0.5493333333333333,0.0,0.0033333333333333335
1734,0,10,3000,True,False,True,76,330.0,0.578,0.0,0.0033333333333333335
2764,76,19,3000,True,True,True,77,0.0,0.9213333333333333,0.025333333333333333,0.006333333333333333
2870,154,15,3000,True,True,True,77,30.0,0.9566666666666667,0.051333333333333335,0.005
2450,84,12,3000,True,True,True,77,60.0,0.8166666666666667,0.028,0.004
2998,0,2,3000,True,False,True,78,0.0,0.9993333333333333,0.0,0.0006666666666666666
2976,0,4,3000,True,False,True,78,30.0,0.992,0.0,0.0013333333333333333
2962,0,3,3000,True,False,True,79,0.0,0.9873333333333333,0.0,0.001
2982,0,2,3000,True,False,True,79,30.0,0.994,0.0,0.0006666666666666666
2934,28,7,3000,True,True,True,79,60.0,0.978,0.009333333333333334,0.0023333333333333335
2934,28,7,3000,True,True,True,79,90.0,0.978,0.009333333333333334,0.0023333333333333335
3000,44,5,3000,True,True,True,79,120.0,1.0,0.014666666666666666,0.0016666666666666668
3000,178,13,3000,True,True,True,79,150.0,1.0,0.059333333333333335,0.004333333333333333
3000,158,11,3000,True,True,True,79,180.0,1.0,0.05266666666666667,0.0036666666666666666
3000,74,7,3000,True,True,True,79,210.0,1.0,0.024666666666666667,0.0023333333333333335
3000,102,7,3000,True,True,True,79,240.0,1.0,0.034,0.0023333333333333335
2980,168,13,3000,True,True,True,79,270.0,0.9933333333333333,0.056,0.004333333333333333
2980,272,15,3000,True,True,True,79,300.0,0.9933333333333333,0.09066666666666667,0.005
2994,180,9,3000,True,True,True,79,330.0,0.998,0.06,0.003
2994,426,16,3000,True,True,True,79,360.0,0.998,0.142,0.005333333333333333
2954,0,3,3000,True,False,True,81,0.0,0.9846666666666667,0.0,0.001
3000,0,1,3000,True,False,True,81,30.0,1.0,0.0,0.0003333333333333333
2960,30,6,3000,True,True,True,81,60.0,0.9866666666666667,0.01,0.002
2430,0,3,3000,True,False,True,83,0.0,0.81,0.0,0.001
2316,0,9,3000,True,False,True,84,0.0,0.772,0.0,0.003
2246,0,12,3000,True,False,True,84,30.0,0.7486666666666667,0.0,0.004
2424,0,12,3000,True,False,True,84,60.0,0.808,0.0,0.004
2300,0,6,3000,True,False,True,84,90.0,0.7666666666666667,0.0,0.002
2006,0,8,3000,True,False,True,84,120.0,0.6686666666666666,0.0,0.0026666666666666666
2906,0,5,3000,True,False,True,85,0.0,0.9686666666666667,0.0,0.0016666666666666668
2618,0,8,3000,True,False,True,85,30.0,0.8726666666666667,0.0,0.0026666666666666666
2600,0,8,3000,True,False,True,85,60.0,0.8666666666666667,0.0,0.0026666666666666666
2808,0,6,3000,True,False,True,86,0.0,0.936,0.0,0.002
2978,90,4,3000,True,True,True,87,0.0,0.9926666666666667,0.03,0.0013333333333333333
2998,238,8,3000,True,True,True,87,30.0,0.9993333333333333,0.07933333333333334,0.0026666666666666666
2986,172,9,3000,True,True,True,87,60.0,0.9953333333333333,0.05733333333333333,0.003
2986,88,7,3000,True,True,True,87,90.0,0.9953333333333333,0.029333333333333333,0.0023333333333333335
2998,64,4,3000,True,True,True,87,120.0,0.9993333333333333,0.021333333333333333,0.0013333333333333333
2658,0,8,3000,True,False,True,88,0.0,0.886,0.0,0.0026666666666666666
2804,0,8,3000,True,False,True,88,30.0,0.9346666666666666,0.0,0.0026666666666666666
2798,0,6,3000,True,False,True,89,0.0,0.9326666666666666,0.0,0.002
2690,0,10,3000,True,False,True,89,30.0,0.8966666666666666,0.0,0.0033333333333333335
2612,0,14,3000,True,False,True,89,60.0,0.8706666666666667,0.0,0.004666666666666667
2792,16,11,3000,True,True,True,89,90.0,0.9306666666666666,0.005333333333333333,0.0036666666666666666
2952,16,6,3000,True,True,True,89,120.0,0.984,0.005333333333333333,0.002
2748,90,14,3000,True,True,True,89,150.0,0.916,0.03,0.004666666666666667
2672,124,20,3000,True,True,True,89,180.0,0.8906666666666667,0.04133333333333333,0.006666666666666667
2742,218,20,3000,True,True,True,89,210.0,0.914,0.07266666666666667,0.006666666666666667
2600,364,25,3000,True,True,True,89,240.0,0.8666666666666667,0.12133333333333333,0.008333333333333333
2976,68,7,3000,True,True,True,90,0.0,0.992,0.02266666666666667,0.0023333333333333335
2994,0,2,3000,True,False,True,90,30.0,0.998,0.0,0.0006666666666666666
2934,0,2,3000,True,False,True,90,60.0,0.978,0.0,0.0006666666666666666
2898,34,9,3000,True,True,True,90,90.0,0.966,0.011333333333333334,0.003
2908,66,13,3000,True,True,True,90,120.0,0.9693333333333334,0.022,0.004333333333333333
2902,0,4,3000,True,False,True,91,0.0,0.9673333333333334,0.0,0.0013333333333333333
2890,100,10,3000,True,True,True,91,30.0,0.9633333333333334,0.03333333333333333,0.0033333333333333335
2976,174,11,3000,True,True,True,91,60.0,0.992,0.058,0.0036666666666666666
3000,74,5,3000,True,True,True,91,90.0,1.0,0.024666666666666667,0.0016666666666666668
2996,134,11,3000,True,True,True,91,120.0,0.9986666666666667,0.04466666666666667,0.0036666666666666666
2994,134,12,3000,True,True,True,91,150.0,0.998,0.04466666666666667,0.004
2998,0,2,3000,True,False,True,91,180.0,0.9993333333333333,0.0,0.0006666666666666666
3000,0,2,3000,True,False,True,91,210.0,1.0,0.0,0.0006666666666666666
2990,100,8,3000,True,True,True,91,240.0,0.9966666666666667,0.03333333333333333,0.0026666666666666666
2978,100,8,3000,True,True,True,91,270.0,0.9926666666666667,0.03333333333333333,0.0026666666666666666
2918,70,9,3000,True,True,True,91,300.0,0.9726666666666667,0.023333333333333334,0.003
2908,128,15,3000,True,True,True,91,330.0,0.9693333333333334,0.042666666666666665,0.005
2978,180,10,3000,True,True,True,91,360.0,0.9926666666666667,0.06,0.0033333333333333335
3000,248,11,3000,True,True,True,91,390.0,1.0,0.08266666666666667,0.0036666666666666666
3000,170,12,3000,True,True,True,91,420.0,1.0,0.056666666666666664,0.004
2982,192,10,3000,True,True,True,91,450.0,0.994,0.064,0.0033333333333333335
2946,148,10,3000,True,True,True,91,480.0,0.982,0.04933333333333333,0.0033333333333333335
2964,60,7,3000,True,True,True,91,510.0,0.988,0.02,0.0023333333333333335
3000,100,9,3000,True,True,True,91,540.0,1.0,0.03333333333333333,0.003
3000,40,7,3000,True,True,True,91,570.0,1.0,0.013333333333333334,0.0023333333333333335
2982,0,3,3000,True,False,True,91,600.0,0.994,0.0,0.001
2982,0,2,3000,True,False,True,91,630.0,0.994,0.0,0.0006666666666666666
3000,4,3,3000,True,True,True,91,660.0,1.0,0.0013333333333333333,0.001
3000,4,4,3000,True,True,True,91,690.0,1.0,0.0013333333333333333,0.0013333333333333333
2982,110,7,3000,True,True,True,91,720.0,0.994,0.03666666666666667,0.0023333333333333335
2982,192,9,3000,True,True,True,91,750.0,0.994,0.064,0.003
2998,92,6,3000,True,True,True,91,780.0,0.9993333333333333,0.030666666666666665,0.002
2968,424,14,3000,True,True,True,91,810.0,0.9893333333333333,0.14133333333333334,0.004666666666666667
2970,414,12,3000,True,True,True,91,840.0,0.99,0.138,0.004
3000,68,3,3000,True,True,True,91,870.0,1.0,0.02266666666666667,0.001
2794,14,8,3000,True,True,True,92,0.0,0.9313333333333333,0.004666666666666667,0.0026666666666666666
2910,14,7,3000,True,True,True,92,30.0,0.97,0.004666666666666667,0.0023333333333333335
2950,0,3,3000,True,False,True,92,60.0,0.9833333333333333,0.0,0.001
2872,26,11,3000,True,True,True,92,90.0,0.9573333333333334,0.008666666666666666,0.0036666666666666666
2872,46,13,3000,True,True,True,92,120.0,0.9573333333333334,0.015333333333333332,0.004333333333333333
2966,20,4,3000,True,True,True,92,150.0,0.9886666666666667,0.006666666666666667,0.0013333333333333333
2966,0,3,3000,True,False,True,92,180.0,0.9886666666666667,0.0,0.001
2992,0,4,3000,True,False,True,92,210.0,0.9973333333333333,0.0,0.0013333333333333333
2992,0,3,3000,True,False,True,92,240.0,0.9973333333333333,0.0,0.001
3000,0,1,3000,True,False,True,92,270.0,1.0,0.0,0.0003333333333333333
2988,18,6,3000,True,True,True,92,300.0,0.996,0.006,0.002
2986,78,11,3000,True,True,True,92,330.0,0.9953333333333333,0.026,0.0036666666666666666
2940,60,8,3000,True,True,True,92,360.0,0.98,0.02,0.0026666666666666666
2930,0,4,3000,True,False,True,92,390.0,0.9766666666666667,0.0,0.0013333333333333333
408,0,2,3000,True,False,True,93,0.0,0.136,0.0,0.0006666666666666666
746,0,3,3000,True,False,True,93,30.0,0.24866666666666667,0.0,0.001
338,0,2,3000,True,False,True,93,60.0,0.11266666666666666,0.0,0.0006666666666666666
2688,0,2,3000,True,False,True,94,0.0,0.896,0.0,0.0006666666666666666
2930,0,1,3000,True,False,True,94,30.0,0.9766666666666667,0.0,0.0003333333333333333
3000,0,1,3000,True,False,True,94,60.0,1.0,0.0,0.0003333333333333333
2970,0,2,3000,True,False,True,94,90.0,0.99,0.0,0.0006666666666666666
2560,0,3,3000,True,False,True,94,120.0,0.8533333333333334,0.0,0.001
2190,0,3,3000,True,False,True,94,150.0,0.73,0.0,0.001
2600,0,2,3000,True,False,True,94,180.0,0.8666666666666667,0.0,0.0006666666666666666
2724,0,3,3000,True,False,True,94,210.0,0.908,0.0,0.001
2724,0,3,3000,True,False,True,94,240.0,0.908,0.0,0.001
2920,0,2,3000,True,False,True,94,270.0,0.9733333333333334,0.0,0.0006666666666666666
2920,0,2,3000,True,False,True,94,300.0,0.9733333333333334,0.0,0.0006666666666666666
3000,0,1,3000,True,False,True,94,330.0,1.0,0.0,0.0003333333333333333
3000,0,1,3000,True,False,True,94,360.0,1.0,0.0,0.0003333333333333333
3000,0,1,3000,True,False,True,94,390.0,1.0,0.0,0.0003333333333333333
2928,0,3,3000,True,False,True,95,0.0,0.976,0.0,0.001
2946,0,2,3000,True,False,True,95,30.0,0.982,0.0,0.0006666666666666666
2988,0,2,3000,True,False,True,95,60.0,0.996,0.0,0.0006666666666666666
2926,0,3,3000,True,False,True,95,90.0,0.9753333333333334,0.0,0.001
2938,0,2,3000,True,False,True,95,120.0,0.9793333333333333,0.0,0.0006666666666666666
2962,52,6,3000,True,True,True,95,150.0,0.9873333333333333,0.017333333333333333,0.002
2962,52,6,3000,True,True,True,95,180.0,0.9873333333333333,0.017333333333333333,0.002
3000,2,3,3000,True,True,True,95,210.0,1.0,0.0006666666666666666,0.001
2948,2,4,3000,True,True,True,95,240.0,0.9826666666666667,0.0006666666666666666,0.0013333333333333333
2948,0,2,3000,True,False,True,95,270.0,0.9826666666666667,0.0,0.0006666666666666666
2824,0,7,3000,True,False,True,96,0.0,0.9413333333333334,0.0,0.0023333333333333335
2886,0,6,3000,True,False,True,96,30.0,0.962,0.0,0.002
2876,16,6,3000,True,True,True,96,60.0,0.9586666666666667,0.005333333333333333,0.002
2896,16,5,3000,True,True,True,96,90.0,0.9653333333333334,0.005333333333333333,0.0016666666666666668
2990,0,2,3000,True,False,True,96,120.0,0.9966666666666667,0.0,0.0006666666666666666
2802,422,6,3000,True,True,True,96,150.0,0.934,0.14066666666666666,0.002
2722,422,7,3000,True,True,True,96,180.0,0.9073333333333333,0.14066666666666666,0.0023333333333333335
2880,18,7,3000,True,True,True,96,210.0,0.96,0.006,0.0023333333333333335
2946,84,10,3000,True,True,True,96,240.0,0.982,0.028,0.0033333333333333335
2912,192,8,3000,True,True,True,96,270.0,0.9706666666666667,0.064,0.0026666666666666666
2846,144,7,3000,True,True,True,96,300.0,0.9486666666666667,0.048,0.0023333333333333335
2818,118,14,3000,True,True,True,96,330.0,0.9393333333333334,0.03933333333333333,0.004666666666666667
2842,104,13,3000,True,True,True,96,360.0,0.9473333333333334,0.034666666666666665,0.004333333333333333
2862,4,6,3000,True,True,True,96,390.0,0.954,0.0013333333333333333,0.002
2920,0,4,3000,True,False,True,96,420.0,0.9733333333333334,0.0,0.0013333333333333333
2960,0,6,3000,True,False,True,96,450.0,0.9866666666666667,0.0,0.002
2906,168,16,3000,True,True,True,96,480.0,0.9686666666666667,0.056,0.005333333333333333
2958,0,3,3000,True,False,True,98,0.0,0.986,0.0,0.001
2860,0,5,3000,True,False,True,98,30.0,0.9533333333333334,0.0,0.0016666666666666668
2826,0,5,3000,True,False,True,98,60.0,0.942,0.0,0.0016666666666666668
2960,0,1,3000,True,False,True,98,90.0,0.9866666666666667,0.0,0.0003333333333333333
3000,0,1,3000,True,False,True,98,120.0,1.0,0.0,0.0003333333333333333
2996,0,2,3000,True,False,True,98,150.0,0.9986666666666667,0.0,0.0006666666666666666
2996,0,2,3000,True,False,True,98,180.0,0.9986666666666667,0.0,0.0006666666666666666
2960,0,2,3000,True,False,True,98,210.0,0.9866666666666667,0.0,0.0006666666666666666
2656,232,25,3000,True,True,True,99,0.0,0.8853333333333333,0.07733333333333334,0.008333333333333333
2522,0,8,3000,True,False,True,100,0.0,0.8406666666666667,0.0,0.0026666666666666666
2776,0,8,3000,True,False,True,100,30.0,0.9253333333333333,0.0,0.0026666666666666666
2622,0,7,3000,True,False,True,100,60.0,0.874,0.0,0.0023333333333333335
2568,0,7,3000,True,False,True,100,90.0,0.856,0.0,0.0023333333333333335
2528,0,7,3000,True,False,True,100,120.0,0.8426666666666667,0.0,0.0023333333333333335
2500,0,10,3000,True,False,True,100,150.0,0.8333333333333334,0.0,0.0033333333333333335
2622,0,7,3000,True,False,True,100,180.0,0.874,0.0,0.0023333333333333335
2522,0,6,3000,True,False,True,100,210.0,0.8406666666666667,0.0,0.002
2116,0,6,3000,True,False,True,100,240.0,0.7053333333333334,0.0,0.002
2212,0,6,3000,True,False,True,100,270.0,0.7373333333333333,0.0,0.002
2718,0,6,3000,True,False,True,100,300.0,0.906,0.0,0.002
2806,0,5,3000,True,False,True,100,330.0,0.9353333333333333,0.0,0.0016666666666666668
2842,0,5,3000,True,False,True,100,360.0,0.9473333333333334,0.0,0.0016666666666666668
2886,0,4,3000,True,False,True,100,390.0,0.962,0.0,0.0013333333333333333
2836,0,3,3000,True,False,True,101,0.0,0.9453333333333334,0.0,0.001
3000,0,1,3000,True,False,True,101,30.0,1.0,0.0,0.0003333333333333333
2930,16,3,3000,True,True,True,101,60.0,0.9766666666666667,0.005333333333333333,0.001
2790,226,16,3000,True,True,True,101,90.0,0.93,0.07533333333333334,0.005333333333333333
2852,382,19,3000,True,True,True,101,120.0,0.9506666666666667,0.12733333333333333,0.006333333333333333
2992,172,6,3000,True,True,True,101,150.0,0.9973333333333333,0.05733333333333333,0.002
2902,90,6,3000,True,True,True,101,180.0,0.9673333333333334,0.03,0.002
2742,106,10,3000,True,True,True,101,210.0,0.914,0.035333333333333335,0.0033333333333333335
2840,16,5,3000,True,True,True,101,240.0,0.9466666666666667,0.005333333333333333,0.0016666666666666668
2894,34,6,3000,True,True,True,101,270.0,0.9646666666666667,0.011333333333333334,0.002
2792,34,9,3000,True,True,True,101,300.0,0.9306666666666666,0.011333333333333334,0.003
2732,0,7,3000,True,False,True,101,330.0,0.9106666666666666,0.0,0.0023333333333333335
2834,0,4,3000,True,False,True,101,360.0,0.9446666666666667,0.0,0.0013333333333333333
2962,38,6,3000,True,True,True,101,390.0,0.9873333333333333,0.012666666666666666,0.002
2854,86,10,3000,True,True,True,101,420.0,0.9513333333333334,0.028666666666666667,0.0033333333333333335
2892,48,5,3000,True,True,True,101,450.0,0.964,0.016,0.0016666666666666668
2962,18,5,3000,True,True,True,101,480.0,0.9873333333333333,0.006,0.0016666666666666668
2894,18,7,3000,True,True,True,101,510.0,0.9646666666666667,0.006,0.0023333333333333335
2932,14,5,3000,True,True,True,101,540.0,0.9773333333333334,0.004666666666666667,0.0016666666666666668
3000,14,3,3000,True,True,True,101,570.0,1.0,0.004666666666666667,0.001
